"SampleID","Observed_Age","Pred_ENet"
"GSM1343050",57.9,56.749620156159
"GSM1343051",42,43.8465025555247
"GSM1343052",47.4,47.7599147003547
"GSM1343055",54.6,57.7140986934015
"GSM1343056",59.7,56.3271445680706
"GSM1343057",52.3,46.9078488252076
"GSM1343058",60.3,59.1777022371419
"GSM1343059",38.2,38.6706504119147
"GSM1343060",52.8,60.5299700807504
"GSM1343061",45.6,51.9845059453671
"GSM1343062",58,66.9911500630725
"GSM1343064",57,52.849313525771
"GSM1343065",39.8,43.7566158602726
"GSM1343066",37.3,39.7003447237699
"GSM1343067",43,44.8086410394392
"GSM1343068",63.7,57.8988027581989
"GSM1343069",52,52.0808482175811
"GSM1343071",47.6,49.6469079726611
"GSM1343072",49.3,50.1011683953926
"GSM1343073",55.8,54.0643567985999
"GSM1343075",40.1,41.3632578566895
"GSM1343076",68,60.8420100798782
"GSM1343077",43.1,48.9703089606908
"GSM1343078",53.1,57.2239907848072
"GSM1343080",61.6,58.2190128656886
"GSM1343122",37,39.5105402791459
"GSM1343123",43.8,50.7575649530515
"GSM1343124",47.4,49.7417505847665
"GSM1343125",38.6,41.5451725151998
"GSM1343126",44.3,43.6200789192112
"GSM1343127",50.4,55.7545567725745
"GSM1343128",56.5,59.3845809514015
"GSM1343129",66.5,70.1616633915214
"GSM1343130",35.7,44.987317596533
"GSM1343131",44,49.4655038862719
"GSM1343132",51.1,52.5508148148139
"GSM1343133",43.3,41.9439836616954
"GSM1343134",55.5,54.9753133425255
"GSM1343135",68.5,69.55317868411
"GSM1343136",37,40.8471091831884
"GSM1343137",49.7,47.4057715586832
"GSM1343138",50.2,51.8041868345546
"GSM1343139",68.8,60.9679816499853
"GSM1343140",52.3,57.8325368987499
"GSM1343141",54.6,59.6363484137346
"GSM1343142",47.8,53.937479668348
"GSM1343143",66.6,55.7774036503803
"GSM1343144",57.2,50.9902527736534
"GSM1343145",57.2,56.1000979552674
"GSM1343146",58.5,52.487786512028
"GSM1343147",44.5,47.2358248020788
"GSM1343148",49.5,52.9606024464516
"GSM1343149",61,56.4986108862049
"GSM1343150",53.1,53.664489006477
"GSM1343151",59.5,56.7018051977306
"GSM1343152",43.2,43.8702262215488
"GSM1343153",24.5,25.5488802020705
"GSM1343154",47.7,48.8966246630797
"GSM1343155",60.5,52.1205826060008
"GSM1343156",35.3,33.9506235495594
"GSM1343157",61.8,58.6224525784117
"GSM1343158",41.2,42.8884733959777
"GSM1343159",49.4,47.710512060794
"GSM1343160",43,49.523896834987
"GSM1343161",52.6,55.8516335640705
"GSM1343162",43.2,47.6883751385173
"GSM1343163",55.4,54.9389510485162
"GSM1343164",46.6,51.861618794067
"GSM1343165",67.9,68.0313129330186
"GSM1343166",41.9,48.7751826549198
"GSM1343167",74.5,68.5306169082591
"GSM1343168",60.6,58.5083180845427
"GSM1343169",71.6,61.4483965764169
"GSM1343170",69.2,67.2330218064876
"GSM1343171",65.7,63.0912017402966
"GSM1343172",54.2,54.0536897613319
"GSM1343173",39.6,43.0252888450949
"GSM1343174",60,58.3837985829429
"GSM1343175",40.6,46.2407138338606
"GSM1343176",44.6,41.2400816011788
"GSM1343177",65.3,66.3402936512633
"GSM1343178",35.3,39.0295976138976
"GSM1343179",58.6,49.7252075367649
"GSM1343180",66.6,64.8776875021996
"GSM1343181",35.2,36.7168587851038
"GSM1343182",73.7,67.435171266315
"GSM1343183",45.5,42.9253465777825
"GSM1343184",54,52.7396911703784
"GSM1343185",64.3,63.7640780555347
"GSM1343186",43.8,44.4003971473259
"GSM1343187",73.1,71.5597341684974
"GSM1343188",44.7,45.1623883815362
"GSM1343189",43.5,37.8341577593551
"GSM1343190",67.4,58.9105484457871
"GSM1343191",51.3,49.2610862496433
"GSM1343192",61,53.8284005417894
"GSM1343193",55.1,52.8063069468662
"GSM1343194",35.9,32.7911450197548
"GSM1343195",41.7,47.986101488836
"GSM1343196",42.5,45.0451956744744
"GSM1343197",37.5,45.6052570044706
"GSM1343198",54.2,52.8740232791093
"GSM1343199",40.6,41.2641877031762
"GSM1343200",50.4,50.0721263006109
"GSM1343201",39.6,36.1149225919691
"GSM1343202",55.5,54.4935823503849
"GSM1343203",48.8,52.4496732526913
"GSM1343204",69.1,64.9010820300754
"GSM1343205",41,41.4816373670967
"GSM1343206",51.5,51.1554108737989
"GSM1343207",66.1,66.2898158260228
"GSM1343208",35.1,37.0297919241517
"GSM1343209",64,63.102508305515
"GSM1343210",51.7,52.4956049753527
"GSM1343211",60.3,59.6675201208833
"GSM1343212",58.6,53.8527432641555
"GSM1343213",60.5,62.1294543444849
"GSM1343214",58.1,55.5049972790736
"GSM1343215",51.3,57.9088203030179
"GSM1343216",51.5,54.2128662174238
"GSM1343217",54.7,52.4928057003976
"GSM1343218",43.4,40.6936675049207
"GSM1343219",59.2,60.0508002858759
"GSM1343220",49.9,53.1504485771207
"GSM1343221",37.6,39.9657527227548
"GSM1343222",61.1,59.196334339021
"GSM1343223",46.9,42.092369573017
"GSM1343224",42.3,42.6007225856707
"GSM1343225",44.9,47.4527534127782
"GSM1343226",61.3,60.7771949399201
"GSM1343227",42.1,47.0277745519532
"GSM1343228",36.1,32.7280951845822
"GSM1343229",45.4,44.1854227113416
"GSM1343230",52.2,51.5108947347458
"GSM1343231",49,46.116523335641
"GSM1343232",64.5,67.22617335512
"GSM1343233",57,63.5039231649047
"GSM1343234",55.8,51.6302124902995
"GSM1343235",54.6,54.9934652506303
"GSM1343236",68.9,67.3440160865132
"GSM1343237",67.2,65.4542318708548
"GSM1343238",53.1,50.7058528103772
"GSM1343239",49.8,50.0162018057751
"GSM1343240",51.9,50.7942015665347
"GSM1343241",53.7,51.4602222621701
"GSM1343242",50.4,52.2615497013967
"GSM1343243",55.5,58.4492395774228
"GSM1343244",66.1,63.6283933708843
"GSM1343245",51,49.7372376965111
"GSM1343246",53.4,54.6184070121867
"GSM1343247",55.6,61.5805018479729
"GSM1343248",53.1,53.7730075219474
"GSM1343249",64.3,67.4312112072009
"GSM1343250",74.1,66.3859581754301
"GSM1343251",46.2,47.0203460210294
"GSM1343252",37.5,39.5496727976206
"GSM1343253",67.8,63.6979034234586
"GSM1343254",61.2,62.7903428804063
"GSM1343255",55,52.5497481570274
"GSM1343256",70,62.8108651786676
"GSM1343257",65.7,55.5505886633834
"GSM1343258",60,57.1031450610855
"GSM1343259",44.5,45.9189875308021
"GSM1343260",70.3,68.4210689261006
"GSM1343261",46.6,46.0191497954023
"GSM1343262",45.4,48.9198277535909
"GSM1343263",40.2,35.645607893397
"GSM1343264",50.6,47.824396323097
"GSM1343265",49.6,49.9997760137549
"GSM1343266",41.4,44.8696484549502
"GSM1343267",59,57.1774135075225
"GSM1343268",63.1,65.0417708189142
"GSM1343269",45.2,50.8777653859747
"GSM1343270",51.1,55.0038073373627
"GSM1343271",35.1,35.2393260131119
"GSM1343272",43.7,45.5683290769576
"GSM1343273",42.9,46.1616042200263
"GSM1343274",59.7,56.8505165602422
"GSM1343275",45.2,39.1869110629181
"GSM1343276",52.9,46.969829967839
"GSM1343277",55.6,54.665244428088
"GSM1343278",50.6,45.3429696579077
"GSM1343279",50.9,50.1612958342403
"GSM1343280",47.4,45.6521072206097
"GSM1343281",53.4,55.0991651776367
"GSM1343282",62.8,64.131508315418
"GSM1343283",38.2,38.1820671624597
"GSM1343284",41.1,42.3667626379183
"GSM1343285",56.1,59.9227579914555
"GSM1343286",47.7,49.5374407212851
"GSM1343287",48.7,46.5685694446936
"GSM1343288",39.9,40.4223790865557
"GSM1343289",43.5,40.6885589792086
"GSM1343290",38.5,40.8598049989487
"GSM1343291",43.7,45.0263650425048
"GSM1343292",42.1,41.0198944511614
"GSM1343293",43.8,46.0596588309327
"GSM1343294",59.8,56.4843888943995
"GSM1343295",45.9,48.0040260456537
"GSM1343296",61,56.2998020491501
"GSM1343297",42.9,44.4177629310933
"GSM1343298",53.9,52.8950496581004
"GSM1343299",45.3,52.0099288689331
"GSM1343300",53.4,50.1779637305418
"GSM1343301",42.4,43.0824105542587
"GSM1343302",47.9,50.5817354597706
"GSM1343303",55.5,53.3492651969834
"GSM1343304",35.6,37.6127772818825
"GSM1343305",37.4,38.4636521684641
"GSM1343306",54.3,49.2675499365708
"GSM1343307",46.6,46.9441972482277
"GSM1343308",69.4,63.383503590747
"GSM1343309",41,43.9115300437932
"GSM1343310",54.8,49.2695374476669
"GSM1343311",47.9,49.9683652097765
"GSM1343312",45.8,48.8173894685163
"GSM1343313",66.5,63.5100295872352
"GSM1343314",38.1,40.7057681031527
"GSM1343315",70.4,67.3340827420002
"GSM1343316",52.6,48.3834648043724
"GSM1343317",54.5,51.0482979072268
"GSM1343318",41.1,43.6543875594756
"GSM1343319",50.9,46.9443508579554
"GSM1343320",51.3,47.369865007026
"GSM1343321",52.1,48.3272156395564
"GSM1343322",68.3,69.6305159369166
"GSM1343323",53.2,50.4666683029496
"GSM1343324",41.6,45.82932300709
"GSM1343325",49,50.2109754785113
"GSM1343326",53.4,47.3810338654903
"GSM1343327",36.3,38.8673576026998
"GSM1343328",49.7,52.063555603243
"GSM1343329",62.3,60.3221742105448
"GSM1343330",45.4,42.0347367154679
"GSM1343331",45.1,45.616965093067
"GSM1343332",69.8,66.9011542488301
"GSM1343333",49.2,48.3476855162527
"GSM1343334",43.6,37.9361342056905
"GSM1343335",42.3,41.545090776032
"GSM1343336",56.6,53.6839457730955
"GSM1343337",49,50.2783539178463
"GSM1343338",40.5,43.8130025165457
"GSM1343339",47.7,50.3327564950783
"GSM1343340",36.3,37.7229810954676
"GSM1343341",65.8,62.3466639495537
"GSM1343342",54.9,59.2953140624478
"GSM1343343",58.5,57.9333016378753
"GSM1343344",69.3,64.6239024436397
"GSM1343345",64.2,67.8752133680133
"GSM1343346",38.9,42.021558824467
"GSM1343347",55.4,55.3488141592152
"GSM1343348",35.2,37.3650272481126
"GSM1343349",44,45.9291435132416
"GSM1343350",37.9,43.8912170814613
"GSM1343351",48.3,44.7182312440633
"GSM1343352",43.1,42.5368901414101
"GSM1343353",49.3,48.7874269576431
"GSM1343354",51,51.277461101159
"GSM1343355",41.8,41.0117664151793
"GSM1343356",35.1,35.9252157665908
"GSM1343357",35.3,34.126540910818
"GSM1343358",35.3,34.9882237525374
"GSM1343359",46.7,39.3515067802422
"GSM1343360",55.4,53.6759468906648
"GSM1343361",57.4,59.2273684452076
"GSM1343362",60.5,61.7786236949983
"GSM1343363",61.6,61.5807011996511
"GSM1343364",44.5,45.2109353967328
"GSM1343365",32.6,37.2963107832653
"GSM1343366",65,66.5540065303309
"GSM1343367",49.7,49.3543395864856
"GSM1343368",35.3,38.7646915677018
"GSM1343369",66.6,64.4477745594348
"GSM1343370",42.7,40.1556763931256
"GSM1343371",62.7,56.4039094518128
"GSM1343372",39.5,32.7846851811099
"GSM1343373",54.8,52.0258095274509
"GSM1343374",36.1,40.4765839375962
"GSM1343375",45.9,43.135425895886
"GSM1343376",44.2,44.0960498784483
"GSM1343377",52.5,47.0807492180588
"GSM1343378",60.9,59.6743349066863
"GSM1343379",73.3,66.9159523900498
"GSM1343380",49.4,52.7753492437162
"GSM1343381",48.6,49.9400213233986
"GSM1343382",47.8,48.6474750485235
"GSM1343383",54.3,50.0991064788917
"GSM1343384",37.9,38.3585326553089
"GSM1343385",41.6,41.856899977346
"GSM1343386",47.2,46.4331079749853
"GSM1343387",43.2,45.0560124372804
"GSM1343388",46.4,43.6317229951224
"GSM1343389",70.4,61.0739750220801
"GSM1343390",38,38.0967454647347
"GSM1343391",68.7,68.0131939472209
"GSM1343392",64.3,64.3402694364236
"GSM1343393",57.6,55.6141824389199
"GSM1343394",52,51.2930191727961
"GSM1343395",62.1,69.1126838536972
"GSM1343396",42.7,47.9447046578149
"GSM1343397",55.9,45.9209821735974
"GSM1343398",35.1,37.6949384306168
"GSM1343399",64.3,55.9960637302336
"GSM1343400",42.9,41.6705133139661
"GSM1343401",45.1,51.710455791602
"GSM1343402",53.3,54.516265310284
"GSM1343403",36.1,42.6915100191133
"GSM1343404",59.2,52.9705335192012
"GSM1343405",38.3,42.8859427744086
"GSM1343406",36,44.1351024579978
"GSM1343407",45.5,41.8839057574692
"GSM1343408",42.4,42.0446986878331
"GSM1343409",60.6,64.9171448760362
"GSM1343410",63.1,59.0694735045116
"GSM1343411",62.9,59.1324149449702
"GSM1343412",47.7,50.7769127359361
"GSM1343413",51.7,55.2725786022622
"GSM1343414",40.6,43.8053300441095
"GSM1343415",35.2,43.7345545698066
"GSM1343416",70.5,73.3047829071636
"GSM1343417",64.1,56.7353362626105
"GSM1343418",51.2,53.0878672074354
"GSM1343419",67,51.9564360355617
"GSM1343420",50.9,58.3695266214495
"GSM1343421",39.9,38.3409845645453
"GSM1343422",44.3,43.5106869292611
"GSM1343423",53.4,45.9265889656559
"GSM1343424",57.9,62.9114317668923
"GSM1343425",47,53.1659139451124
"GSM1343426",40.9,39.2614368500017
"GSM1343427",65.8,64.5111111484974
"GSM1343428",55.7,58.8754137483056
"GSM1343429",50.6,47.871041744912
"GSM1343430",65.2,69.1578377318102
"GSM1343431",46,50.1460000836585
"GSM1343432",57.4,56.3869534542691
"GSM1343433",59.4,54.8860901677008
"GSM1343434",49.1,52.9261213491825
"GSM1343435",55.4,54.903704067598
"GSM1343436",49.7,55.7304510927548
"GSM1343437",56.6,60.730706717168
"GSM1343438",56,56.3628406679453
"GSM1343439",56.5,51.1806086904855
"GSM1343440",37.6,43.0513752151882
"GSM1343441",40.5,35.1760979486563
"GSM1343442",54.1,53.9122187937171
"GSM1343443",57.1,63.3617952540981
"GSM1343444",45.2,45.9472110123771
"GSM1343445",49.7,49.6209219539241
"GSM1343446",61.7,57.6502286711522
"GSM1343447",49.6,50.8741156503357
"GSM1343448",45.8,48.8052072983733
"GSM1343449",52.3,52.7284083174123
"GSM1343450",47.1,38.8296525254532
"GSM1343451",49.2,51.3941623583875
"GSM1343452",66.5,70.0843862271447
"GSM1343453",60.5,60.2871646966124
"GSM1343454",46.5,47.7373133780951
"GSM1343455",41.8,42.1073157721329
"GSM1343456",23.7,23.4767271432371
"GSM1343457",45.6,46.7600116522147
"GSM1343458",35.2,35.6298476888967
"GSM1343459",36.5,41.4474192009291
"GSM1343460",66.1,63.7058852784417
"GSM1343461",37.2,41.463804216108
"GSM1343462",58.4,64.0236131960976
"GSM1343463",44.9,40.5242998234388
"GSM1343464",47.1,45.1986543871367
"GSM1343465",35.6,36.5953586002159
"GSM1343466",46.2,53.4701049855718
"GSM1343467",42.3,44.1248217274946
"GSM1343468",43,42.0193095889939
"GSM1343469",48.7,49.9795828434268
"GSM1343470",62.2,59.2492779848061
"GSM1343471",45.4,48.0114149226037
"GSM1343472",57.5,50.3908575695663
"GSM1343473",47.9,53.2122869760971
"GSM1343474",46.3,47.9018936286239
"GSM1343475",40.9,46.8174410161025
"GSM1343476",61.4,61.7595821635893
"GSM1343477",58.1,58.7861527911009
"GSM1343478",42.9,48.6578462984436
"GSM1343479",61.6,57.1301067400497
"GSM1343480",44.2,46.1191573884497
"GSM1343481",46.4,50.1906640966678
"GSM1343482",46.4,53.2819459120012
"GSM1343483",41.5,40.9843508525533
"GSM1343484",41.5,47.9073999926973
"GSM1343485",71.1,63.1754895492846
"GSM1343486",39.6,39.504249692107
"GSM1343487",35.1,42.6228713328141
"GSM1343488",63.8,61.3307777942251
"GSM1343489",43.6,38.6221740052174
"GSM1343490",44.3,50.1931065324849
"GSM1343491",57,58.2896667501226
"GSM1343492",60.5,51.216501410356
"GSM1343493",46.2,47.4680662413567
"GSM1343494",52.9,51.0660570252174
"GSM1343495",41,45.2075689372745
"GSM1343496",41.5,42.2643597462663
"GSM1343497",44.9,53.0524165902271
"GSM1343498",40.3,46.0343136961195
"GSM1343499",44.7,43.9221594529475
"GSM1343500",47.9,44.7063241816321
"GSM1343501",44.3,44.7537886944965
"GSM1343502",53,52.0267828588322
"GSM1343503",56,60.048603641819
"GSM1343504",39.2,41.5371200799422
"GSM1343505",56.8,53.8211602298966
"GSM1343506",59.2,59.4630135672532
"GSM1343507",42.2,38.1593702388387
"GSM1343508",48.3,51.5543246373879
"GSM1343509",59.9,63.0244887493331
"GSM1343510",37.5,40.5667747683431
"GSM1343511",31.1,31.4296819587987
"GSM1343512",43.1,42.0835919261597
"GSM1343513",51.2,51.0864852924044
"GSM1343514",52.9,53.1541085829017
"GSM1343515",60.4,57.5981719655253
"GSM1343516",51.4,50.0405621482189
"GSM1343517",68.2,62.770887520412
"GSM1343518",74.3,71.3314026083057
"GSM1343519",55.2,53.8748732960011
"GSM1343520",38.2,43.2076571446795
"GSM1343521",41.8,39.403762225878
"GSM1343522",53.3,51.8063783272258
"GSM1343523",35.1,38.9264471778499
"GSM1343524",46,47.716293193591
"GSM1343525",47,47.9542796096259
"GSM1343526",42.1,39.9816536873356
"GSM1343527",65.8,63.8064363061138
"GSM1343528",56.2,55.6442466773017
"GSM1343529",66.3,64.9669170563873
"GSM1343530",52.2,53.5004689873315
"GSM1343531",54,53.4822104769482
"GSM1343532",43.5,44.8913486274515
"GSM1343533",48.4,46.0545573299371
"GSM1343534",46,48.5852487046209
"GSM1343535",46.5,51.0186147358722
"GSM1343536",38.4,50.6652328668499
"GSM1343537",49.7,46.2523864480128
"GSM1343538",54.1,58.6628518229908
"GSM1343539",50.8,58.1185438964574
"GSM1343540",52.3,55.3280990550927
"GSM1343541",43.6,50.0054575373336
"GSM1343542",43.2,45.5214557777872
"GSM1343543",59.8,67.8506953929116
"GSM1343544",41.3,47.4718399555153
"GSM1343545",53.9,51.2894128003302
"GSM1343546",49.6,56.7549392570018
"GSM1343547",64.1,63.4849214433141
"GSM1343548",52.2,50.3157260303235
"GSM1343549",55.2,51.5890885199153
"GSM1343550",39.7,38.0160997911799
"GSM1343551",52.3,50.3476838891419
"GSM1343552",54.8,51.0456841117858
"GSM1343553",53.9,58.1541744261208
"GSM1343554",66,54.8799877691751
"GSM1343555",49.6,52.8487449376412
"GSM1343556",38.4,40.9480506576321
"GSM1343557",51.9,56.5164663793787
"GSM1343558",72.2,65.947670092996
"GSM1343559",43.7,42.7462086401667
"GSM1343560",35.1,39.1717167967371
"GSM1343561",52.1,50.537421471735
"GSM1343562",37,42.7140860991103
"GSM1343563",56.9,57.3099577401881
"GSM1343564",52.5,53.9994486915959
"GSM1343565",39.7,34.7220634491563
"GSM1343566",50.7,52.4386706861766
"GSM1343567",75,71.6814093810036
"GSM1343568",50.5,48.5350830930436
"GSM1343569",47.3,50.8037507956064
"GSM1343570",60,62.825060710331
"GSM1343571",60.6,61.5666357078414
"GSM1343572",50.4,54.3765392719813
"GSM1343573",69.2,60.3990740406742
"GSM1343574",55.4,55.4423171734513
"GSM1343575",38.2,41.5302079807557
"GSM1343576",47.4,49.081069928155
"GSM1343577",65.5,63.7582589826864
"GSM1343578",42.6,42.8161451864728
"GSM1343579",55,53.3678847308453
"GSM1343580",58.1,55.7018617406123
"GSM1343581",35.8,32.6017390588529
"GSM1343582",52.4,50.057876070061
"GSM1343583",54,50.0170399249629
"GSM1343584",52.5,56.3997395223376
"GSM1343585",35.1,39.5969602355611
"GSM1343586",68,68.3488026303682
"GSM1343587",54.5,50.5754448080533
"GSM1343588",46,40.959445263869
"GSM1343589",47,48.7637529804564
"GSM1343590",35.2,39.2151241712979
"GSM1343591",69.5,64.8235020361963
"GSM1343592",72.1,67.5692180323504
"GSM1343593",42.2,44.4109610089577
"GSM1343594",69.9,65.9400677487827
"GSM1343595",72.5,68.3423024928426
"GSM1343596",63,65.6715115792597
"GSM1343597",63.8,58.5554563026325
"GSM1343598",39,38.6262986696724
"GSM1343599",54.6,53.9558299952886
"GSM1343600",56.1,67.6850495576382
"GSM1343601",53,60.2823079937932
"GSM1343602",73.1,66.8073212870439
"GSM1343603",50.6,48.8639138325782
"GSM1343604",69.9,74.1851427170195
"GSM1343605",65.1,64.6014334477845
"GSM1343606",50.8,45.0496176041134
"GSM1343607",49.1,46.3257983875068
"GSM1343608",63.7,67.4141911641724
"GSM1343609",35.9,36.2827714623747
"GSM1343610",66.2,57.5088105825932
"GSM1343611",45.5,37.4781398121919
"GSM1343612",48.6,45.0292520411914
"GSM1343613",50.6,54.1489773113808
"GSM1343614",71.3,62.4789749079791
"GSM1343615",56,52.6909912348024
"GSM1343616",64.6,63.5718506758541
"GSM1343617",47.4,51.0227794142979
"GSM1343618",67.8,69.0988279478345
"GSM1343619",36.2,38.3777960773035
"GSM1343620",41.7,43.174725752541
"GSM1343621",59.8,59.4143396522032
"GSM1343622",59.5,64.0178848613616
"GSM1343623",48.5,42.1383067277154
"GSM1343624",43.8,42.2370442014721
"GSM1343625",62.2,63.4346364772867
"GSM1343626",51,58.7912130011888
"GSM1343627",46.1,47.9159055610884
"GSM1343628",53,48.8850358750235
"GSM1343629",46.5,49.056535711254
"GSM1343630",66.9,66.8666440234771
"GSM1343631",70.3,68.496718006004
"GSM1343632",71.3,57.8646891415137
"GSM1343633",66.6,60.7847822486176
"GSM1343634",55.5,54.1592376147361
"GSM1343635",67.5,72.3107101429139
"GSM1343636",60.1,55.4903442491004
"GSM1343637",66.4,65.9220586678532
"GSM1343638",45.6,42.9095991994409
"GSM1343639",46,49.7635189593447
"GSM1343640",42.5,42.3392346734914
"GSM1343641",63.3,63.0391902872177
"GSM1343642",62.4,59.8548295173751
"GSM1343643",56.4,48.9217111142921
"GSM1343644",38.6,40.936666489516
"GSM1343645",36.8,33.0212630225733
"GSM1343646",71.9,65.3377596593581
"GSM1343647",55.3,64.5538237711789
"GSM1343648",58.9,59.2126685326888
"GSM1343649",35.7,40.6275028069867
"GSM1343650",58.4,58.7647247910678
"GSM1343651",65.6,60.1812384692679
"GSM1343652",43.7,42.1874608471683
"GSM1343653",40.6,45.2239563685704
"GSM1343654",36.1,39.0784053577681
"GSM1343655",48.1,49.1594025533753
"GSM1343656",35.1,38.8823242369167
"GSM1343657",58.3,54.5928277011643
"GSM1343658",53.8,46.8755192031332
"GSM1343659",38.1,36.1038812560448
"GSM1343660",37.2,40.1172818365394
"GSM1343661",51.6,51.4040917563425
"GSM1343662",49.4,43.7417417342417
"GSM1343663",71.6,64.5818859565442
"GSM1343664",45.2,42.7638056968215
"GSM1343665",43,40.5153634618194
"GSM1343666",44.2,42.8719118430111
"GSM1343667",53.1,51.1937805869553
"GSM1343668",46.5,53.0500914571554
"GSM1343669",39.5,44.45762250004
"GSM1343670",45.5,44.1644076564024
"GSM1343671",55.6,60.6548932347065
"GSM1343672",50.3,49.9246556506719
"GSM1343673",70.5,67.5616571717045
"GSM1343674",50.4,54.6717896317166
"GSM1343675",63.6,63.6341777302713
"GSM1343676",35.3,39.7367435539485
"GSM1343677",39,38.0453973436672
"GSM1343678",48,47.3662684471726
"GSM1343679",73.5,68.5796247012342
"GSM1343680",58,57.3963195409669
"GSM1343681",51.4,49.1087923995836
"GSM1343682",46.8,45.492333089795
"GSM1343683",46.5,44.587837995952
"GSM1343684",53.3,55.3893555354855
"GSM1343685",37.5,40.0774027792657
"GSM1343686",50.9,50.7492854551572
"GSM1343687",49.1,52.0550401582073
"GSM1343688",35.1,40.1142202682436
"GSM1343689",71.7,68.1558713429077
"GSM1343690",69.2,65.2526881074916
"GSM1343691",51,45.8166752463621
"GSM1343692",43.2,41.3805230046475
"GSM1343693",66.5,60.809622089469
"GSM1343694",44.8,48.5355306898103
"GSM1343695",35.2,35.942949138912
"GSM1343696",41.2,39.8171432572903
"GSM1343697",48.4,45.6371750193726
"GSM1343698",38.2,33.2689890294519
"GSM1343699",60.3,65.9882018087368
"GSM1343700",55.3,56.9716754073054
"GSM1343701",45.1,52.7508851085147
"GSM1343702",51.8,47.0668733681143
"GSM1343703",35.2,40.2646849540201
"GSM1343704",54.1,50.0456524024027
"GSM1343705",43,43.1577004037623
"GSM1343706",49.6,54.5116771794779
"GSM1343707",44.4,40.0804872647221
"GSM1343708",37.1,34.5230763399083
"GSM1343709",44.4,40.8356312774407
"GSM1343710",38.7,33.0249737795851
"GSM1343711",65,63.8585717964051
"GSM1343712",62.6,65.2058094136616
"GSM1343713",45.3,47.7939709624314
"GSM1343714",37.5,36.4053874175288
"GSM1343715",48.3,48.5246983647674
"GSM1343716",35.7,38.4838139733914
"GSM1343717",57.2,62.2781959122806
"GSM1343718",46.2,46.598995918163
"GSM1343719",43.7,45.4076344608585
"GSM1343720",40,42.9207874471543
"GSM1343721",55,53.7888875112017
"GSM1343722",37.4,37.8128312931368
"GSM1343723",48.6,44.0449931076224
"GSM1343724",52.1,47.8738187858407
"GSM1343725",41.8,47.4174721192652
"GSM1343726",38.2,42.050297763361
"GSM1343727",57.4,51.7657695081457
"GSM1343728",49.4,48.5430762344134
"GSM1343729",51.6,50.2311714029232
"GSM1343730",48.8,52.9275033786291
"GSM1343731",35.9,38.0542860249057
"GSM1343732",36.2,38.3619769914666
"GSM1343733",56.6,58.9591790854493
"GSM1343734",41.3,46.0507335359407
"GSM1343735",57.6,54.0284919683132
"GSM1343736",49.8,45.8112510101801
"GSM1343737",70.4,60.9911620795111
"GSM1343738",50,53.0240030487195
"GSM1343739",55.8,59.3298634087431
"GSM1343740",40.8,42.8289169965273
"GSM1343741",45.5,49.6831976765491
"GSM1343742",54.5,54.7148345337917
"GSM1343743",48.8,44.5660204186241
"GSM1343744",66.4,69.3580860303506
"GSM1343745",44.5,50.6568221237285
"GSM1343746",68.4,64.2412460623999
"GSM1343747",49.6,63.2038007454305
"GSM1343748",40.9,40.2812174777597
"GSM1343749",60,57.7657140421157
"GSM1343750",41.1,45.4770658958455
"GSM1343751",67.5,56.0169024089733
"GSM1343752",66.8,66.2767362811313
"GSM1343753",50.2,49.0856090283418
"GSM1343754",56.5,54.4967593585026
"GSM1343755",49,50.2347060596836
"GSM1343756",48,46.4613438918028
"GSM1343757",42.4,44.6101622489681
"GSM1343758",64.2,61.211619702461
"GSM1343759",55.1,48.2368592747645
"GSM1343760",62,62.1714103286978
"GSM1343761",44.1,45.326950941646
"GSM1343762",65.9,72.8039257026302
"GSM1343763",60.6,65.8856063097486
"GSM1343764",65.2,66.6708380357186
"GSM1343765",50.1,51.3488060346971
"GSM1343766",68.6,63.2812995825879
"GSM1343767",67.8,65.0777890920798
"GSM1343768",44.3,44.1583818064447
"GSM1343769",38.5,45.9940999745637
"GSM1343770",61.9,60.6352020420808
"GSM1343771",52.5,50.9681705789541
"GSM1343772",63.6,60.1904385507117
"GSM1343773",37.5,40.2987598467747
"GSM1343774",46.9,49.4235641874865
"GSM1343775",55.1,59.194902347836
"GSM1343776",62.1,66.4284300912632
"GSM1343777",54.7,49.7573346777324
"GSM1343778",36.1,36.5949302103228
"GSM1343779",35.1,37.0896608545458
"GSM1343780",65.5,58.6291934852673
"GSM1343781",54.4,55.0810672476565
"GSM1343782",56.9,55.8198278630939
"GSM1343783",45.8,53.1996470999389
"GSM1343784",73.5,73.2150122861713
"GSM1343785",48.8,46.788490562706
"GSM1343786",65.3,64.5120917426049
"GSM1343787",54.4,52.6557679451747
"GSM1343788",68.7,66.7361801517743
"GSM1343789",40.5,37.5401571902695
"GSM1343790",52,48.8988049809588
"GSM1343791",44.3,51.2204679754985
"GSM1343792",47.8,49.1178917853152
"GSM1343793",52.2,54.2043807689812
"GSM1343794",54.3,57.034612552154
"GSM1343795",49.3,54.6051175506969
"GSM1343796",60.5,53.4341020527973
"GSM1343797",37.6,39.8215895920949
"GSM1343798",64,53.3413975951273
"GSM1343799",51.9,53.6915894037567
"GSM1343800",57.2,58.103288693703
"GSM1343801",35.8,36.8763768925517
"GSM1343802",55.6,55.9017989098105
"GSM1343803",40.4,41.6765603724099
"GSM1343804",70.2,64.8001743523657
"GSM1343805",62.2,55.2337867832861
"GSM1343806",58.4,57.8319903164067
"GSM1343807",51.7,55.3943550833344
"GSM1343808",47,49.6089166609157
"GSM1343809",55.1,51.0218200096916
"GSM1343810",35.6,37.1824141986898
"GSM1343811",36.1,35.0007718472932
"GSM1343812",45,50.0940882292446
"GSM1343813",47.9,47.0182641574301
"GSM1343814",53.9,56.809488635348
"GSM1343815",36.3,41.3158586744356
"GSM1343816",35.2,34.5349256304833
"GSM1343817",50.9,48.9944162971544
"GSM1343818",50.6,50.8988142312653
"GSM1343819",48.1,46.8368588375702
"GSM1343820",54.6,50.6884476111919
"GSM1343821",38.7,46.4132983054142
"GSM1343822",50.5,50.8678460139238
"GSM1343823",42.5,42.713773211595
"GSM1343824",50.9,48.8638303263992
"GSM1343825",55.4,50.1888710213508
"GSM1343826",51,48.4715331418422
"GSM1343827",40.2,35.7254070247771
"GSM1343828",41.2,49.0949967494862
"GSM1343829",59.8,61.3467991019734
"GSM1343830",45.8,49.5947114454705
"GSM1343831",66.1,60.8705421701187
"GSM1343832",60.2,55.4421532846614
"GSM1343833",71.3,65.3932819368119
"GSM1343834",52.2,50.97068658522
"GSM1343835",35.7,40.9637407966254
"GSM1343836",53.2,54.837104081053
"GSM1343837",62.5,54.2261676304404
"GSM1343838",61.2,52.8763093715174
"GSM1343839",57.7,53.7334517041693
"GSM1343840",35.2,39.8509023353719
"GSM1343841",51.5,53.6645527672842
"GSM1343842",59.2,58.0845942585976
"GSM1343843",53.6,51.5769378296857
"GSM1343844",54.2,55.2936246833853
"GSM1343845",60.5,57.8940905309479
"GSM1343846",51.6,45.5417653766442
"GSM1343847",61.7,67.2994549510368
"GSM1343848",45.9,42.5962871689399
"GSM1343849",46.9,46.5763973461479
"GSM1343850",52.7,56.4885682389358
"GSM1343851",55.9,60.7078357565391
"GSM1343852",50.3,46.1328466360033
"GSM1343853",61.3,58.4826326579437
"GSM1343854",47.4,48.4995994124489
"GSM1343855",44.1,45.4991952614244
"GSM1343856",47.9,47.1789416698179
"GSM1343857",50.7,42.1693165093782
"GSM1343858",73.1,66.7616567722337
"GSM1343859",61.3,59.430499198353
"GSM1343860",37.8,39.9183460655833
"GSM1343861",37.2,37.8910484658059
"GSM1343862",54.7,60.1713109898471
"GSM1343863",66.3,61.1585845138105
"GSM1343864",45.2,47.7588577098955
"GSM1343865",49.3,50.5325631701594
"GSM1343866",54.3,49.1551528365796
"GSM1343867",68.9,65.7946990887735
"GSM1343868",50.1,47.8570125015928
"GSM1343869",43.9,37.0963472842731
"GSM1343870",45.3,44.3327625337597
"GSM1343871",49.3,46.2507419031957
"GSM1343872",37.6,37.6308499879164
"GSM1343873",51,54.5493586090881
"GSM1343874",35.7,39.6287342372432
"GSM1343875",50,44.4237669028762
"GSM1343876",70.1,63.9804728540065
"GSM1343877",48,49.0801826758327
"GSM1343878",42.6,47.0771528077178
"GSM1343879",49.9,48.1164316404837
"GSM1343880",49.8,43.868712798447
"GSM1343881",53,52.8716228394805
"GSM1343882",67.8,60.8619864644987
"GSM1343883",43.6,44.6832602611251
"GSM1343884",42.3,45.3384518198179
"GSM1343885",53.2,48.8204099303055
"GSM1343886",42.2,45.501397672796
"GSM1343887",37.5,37.2936347124938
"GSM1343888",59.4,63.1495881606984
"GSM1343889",43.2,58.6974342974295
"GSM1343890",40.4,37.5565622688596
"GSM1343891",43,36.9419568706969
"GSM1343892",52.7,51.8941443687389
"GSM1343893",60.9,56.0776189819708
"GSM1343894",35.3,36.3137244415474
"GSM1343895",57.6,50.2011435205049
"GSM1343896",49.6,54.6693401944952
"GSM1343897",55.5,57.692639582357
"GSM1343898",46.6,47.9665439143616
"GSM1343899",47.4,50.8216984995982
"GSM1343900",47.7,44.782653718576
"GSM1343901",37.8,35.48352656948
"GSM1343902",54.8,51.6104662342862
"GSM1343903",46.6,47.4110536197947
"GSM1343904",35.6,34.8436024219415
"GSM1343905",42.3,40.1366200965205
"GSM1343906",57.6,52.1207350829913
"GSM1343907",44.3,44.7830190653796
"GSM1343908",46.6,50.4973271589969
"GSM1343909",56.5,57.6674112090461
"GSM1343910",37.1,44.3056036643338
"GSM1343911",62.5,60.4949803764186
"GSM1343912",44.5,47.7421627252705
"GSM1343913",46.7,46.7962690596288
"GSM1343914",65.1,47.4587985778329
"GSM1343915",36.1,34.5096929475922
"GSM1343916",51.5,50.0896628440753
"GSM1343917",44.8,46.058379082798
"GSM1343918",54.8,50.414426209235
"GSM1343919",47,48.7460061274448
"GSM1343920",51.5,47.2381588372219
"GSM1343921",50.6,50.8591723327429
"GSM1343922",53.4,58.1349967035713
"GSM1343923",35.1,36.1416416131222
"GSM1343924",52.9,53.9576758796571
"GSM1343925",35.9,43.1666110780772
"GSM1343926",61.4,57.9769907260333
"GSM1343927",65.1,62.037412975567
"GSM1343928",49.4,54.2563599781815
"GSM1343929",43.5,46.7484908689961
"GSM1343930",45.8,46.507578837043
"GSM1343931",41.7,40.2293456698383
"GSM1343932",60,56.8525171693889
"GSM1343933",45.4,44.6792785563046
"GSM1343934",47.9,47.3263332080471
"GSM1343935",55.8,54.4409690720094
"GSM1343936",36.1,39.2574980302097
"GSM1343937",37.6,34.4354388592733
"GSM1343938",68.8,68.7931435428846
"GSM1343939",68.4,68.7716059716309
"GSM1343940",41.5,44.2117252906935
"GSM1343941",37.4,36.7871115489951
"GSM1343942",51.8,54.4696022717797
"GSM1343943",57.6,56.700544759602
"GSM1343944",57.3,57.3641482719018
"GSM1343945",38.5,41.6481464182494
"GSM1343946",43.6,48.4307970405351
"GSM1343947",40.5,42.698818806586
"GSM1343948",45,45.2305964781362
"GSM1343949",66.4,61.7390304128766
"GSM1343950",48.5,57.6149656670518
"GSM1343951",62.4,57.6430009735604
"GSM1343952",50.8,51.1473322476315
"GSM1343953",68.6,60.1744917315965
"GSM1343954",47.5,51.6353139098619
"GSM1343955",48.7,44.4548047119228
"GSM1343956",55.3,54.5939511422895
"GSM1343957",66.1,60.9695513281978
"GSM1343958",49.8,49.4139963069432
"GSM1343959",36.2,45.7383960964849
"GSM1343960",60.4,63.0790051915456
"GSM1343961",54.4,56.0310513038289
"GSM1343962",57.6,66.3576072705483
"GSM1343963",65.2,60.6222022176324
"GSM1343964",55.6,58.9576478651638
"GSM1343965",41.7,45.180170117797
"GSM1343966",52.3,52.077609304494
"GSM1343967",53,53.4014365663502
"GSM1343968",56.8,55.3276798651297
"GSM1343969",66.4,59.8463628194462
"GSM1343970",42.4,45.6251291741948
"GSM1343971",53.6,57.918431744705
"GSM1343972",55.5,53.8273328363571
"GSM1343973",49.2,47.3169735296562
"GSM1343974",56.4,53.8439353774981
"GSM1343975",50.9,55.2492754536808
"GSM1343976",51.5,51.2562902863844
"GSM1343977",48.3,46.7618455820244
"GSM1343978",53.8,51.1811016695166
"GSM1343979",54.1,49.5891760061463
"GSM1343980",67.8,60.9679911872773
"GSM1343981",47.6,52.2400956696106
"GSM1343982",73.6,75.3559491249139
"GSM1343983",48.7,48.9502561651932
"GSM1343984",56.7,56.0389876621184
"GSM1343985",57.2,56.9699911182779
"GSM1343986",56.4,57.0278833314055
"GSM1343987",37.6,44.9590005882639
"GSM1343988",47.6,48.1753136745215
"GSM1343989",39.6,37.8207778879848
"GSM1343990",35.4,38.0127603563143
"GSM1343991",67.4,71.8659327803144
"GSM1343992",67.1,62.4117086859445
"GSM1343993",69.4,66.7171487334018
"GSM1343994",47.1,46.5654877794696
"GSM1343995",55.1,52.1628589259096
"GSM1343996",35.2,33.1034084856716
"GSM1343997",54.9,53.7945794821598
"GSM1343998",35.5,39.4027282575074
"GSM1343999",59.6,54.3603073598315
"GSM1344000",51.3,52.5534123398085
"GSM1344001",55.2,50.5645196643341
"GSM1344002",48.5,48.4757402308574
"GSM1344003",68.4,68.3649938522829
"GSM1344004",67.5,62.7561395014248
"GSM1344005",67.8,64.8058212998775
"GSM1344006",54.6,53.3708040931944
"GSM1344007",62.5,57.4822917349914
"GSM1344008",59,59.0707549690631
"GSM1344009",59.7,61.3279656748796
"GSM1344010",65.2,62.5186438171263
"GSM1344011",67.1,61.6528260409396
"GSM1344012",35.2,42.4891114054754
"GSM1344013",49.8,52.5446536748399
"GSM1344014",54.9,56.6566720086355
"GSM1344015",38.9,40.4748435862113
"GSM1344016",46.8,45.0323904569153
"GSM1344017",45.1,44.8974440225519
"GSM1344018",42,42.8114632991116
"GSM1344019",38.7,40.8317929603028
"GSM1344020",59.9,56.8463937809402
"GSM1344021",48.8,52.8420671361166
"GSM1344022",46.8,49.8355103804201
"GSM1344023",37.5,43.4395634624518
"GSM1344024",44.1,44.6424202215208
"GSM1344025",57.2,54.1773671512236
"GSM1344026",36.5,39.6811444158991
"GSM1344027",54,57.0422720432084
"GSM1344028",35.1,39.8667773803101
"GSM1344029",55.9,56.621619687978
"GSM1344030",58.3,64.7158197368387
"GSM1344031",36.2,38.4640227266135
"GSM1344032",35.1,39.294195658355
"GSM1344033",42.2,39.0050627144253
"GSM1344034",73.2,70.4047677734517
"GSM1344035",53.5,53.7306242508642
"GSM1344036",35.6,39.8494148281114
"GSM1344037",67.3,61.5206781982584
"GSM1344038",50.5,51.4353750849414
"GSM1344039",65.6,61.2651834627033
"GSM1344040",41.7,41.0313895790194
"GSM1344041",37.4,36.5484885475634
"GSM1344042",46.4,47.5996032379324
"GSM1344043",71,61.2622436877886
"GSM1344044",45.6,48.956350321104
"GSM1344045",60.6,58.8532123898057
"GSM1344046",71,64.6583726078199
"GSM1344047",46.8,47.7473055008562
"GSM1344048",41.4,40.2175154213865
"GSM1344049",35.4,44.8549682098585
"GSM1344050",51.2,56.7084126572539
"GSM1344051",47.2,43.8086779195587
"GSM1344052",64,63.469982098404
"GSM1344053",51.7,50.8597155911409
"GSM1344054",52.8,53.389440969503
"GSM1344055",42,45.9194019716814
"GSM1344056",47.4,48.6922407044478
"GSM1344057",57.3,58.1657283897513
"GSM1344058",41.5,49.8501820676004
"GSM1344059",48.5,50.1647988140065
"GSM1344060",54.9,57.9226577860002
"GSM1344061",48.6,45.181917123633
"GSM1344062",46.8,53.9160914503891
"GSM1344063",64.3,61.4803735958946
"GSM1344064",58.2,62.1903932228299
"GSM1344065",67.4,64.1505678772574
"GSM1344066",41.4,40.6235343188796
"GSM1344067",43.5,43.3306328752755
"GSM1344068",40.7,45.8211044992103
"GSM1344069",47,47.2801963626625
"GSM1344070",53,50.1089805179463
"GSM1344071",65.9,60.9153366104375
"GSM1344072",65,55.1489537943441
"GSM1344073",63.1,58.8917308935272
"GSM1344074",58.3,63.1145190363741
"GSM1344075",50.2,47.8338963766721
"GSM1344076",49.2,45.0651760763204
"GSM1344077",45.5,45.2265369500512
"GSM1344078",47,49.1335504887316
"GSM1344079",52.3,49.5106400639542
"GSM1344080",46.7,48.5717293982158
"GSM1344081",58.3,52.281746645435
"GSM1344082",62.2,55.691400005597
"GSM1344083",51.8,54.8773918041687
"GSM1344084",58.5,52.3809807979725
"GSM1344085",59.1,57.0961943969402
"GSM1344086",64.2,62.4175154043207
"GSM1344087",70.4,65.9628597333418
"GSM1344088",66,63.7590227690912
"GSM1344089",44.2,48.7607539659004
"GSM1344090",50.1,52.3963876098552
"GSM1344091",53.4,57.8667306156188
"GSM1344092",39.2,44.0579947812166
"GSM1344093",52.5,53.4089615176232
"GSM1344094",48.2,50.6946335944884
"GSM1344095",63,67.8299562719951
"GSM1344096",41.7,41.7827559048291
"GSM1344097",44.2,46.3880343228621
"GSM1344098",55.1,54.7817211319919
"GSM1344099",54.2,48.4869911042188
"GSM1344100",55.4,50.4862344660843
"GSM1344101",71.2,58.6993517200142
"GSM1344102",56.3,53.2070302299111
"GSM1344103",35.3,38.8435363976949
"GSM1344104",37,41.1083545459553
"GSM1344105",46.2,45.5949584633889
"GSM1344106",60.8,57.0293790443147
"GSM1344107",67.5,60.8199700745458
"GSM1344108",68.1,68.8760454247474
"GSM1344109",38.1,40.2979021534881
"GSM1344110",44,44.6357112325115
"GSM1344111",39.6,38.6386718584103
"GSM1344112",54.5,53.1946567616339
"GSM1344113",58.3,56.4624590724835
"GSM1344114",37,39.4815033779556
"GSM1344115",55.9,57.7503652924976
"GSM1344116",38.9,47.6893187808467
"GSM1344117",56.9,57.5416826857156
"GSM1344118",49.9,49.5575557575294
"GSM1344119",44.3,51.8908984409387
"GSM1344120",50.3,46.1197803525178
"GSM1344121",41.4,39.7262178977972
"GSM1344122",68.7,62.5086199852843
"GSM1344123",50.4,49.7164063673373
"GSM1344124",51.2,53.0248781960656
"GSM1344125",50.4,48.2872480103943
"GSM1344126",74.8,70.7799976176075
"GSM1344127",44.1,45.7455563623215
"GSM1344128",50.2,54.7027481813555
"GSM1344129",67.4,67.831144873003
"GSM1344130",71.1,67.7928474040378
"GSM1344131",73.6,66.2372557343537
"GSM1344132",41.7,45.417777278995
"GSM1344133",49.6,51.5339075108208
"GSM1344134",69.2,60.8504812159791
"GSM1344135",66.4,61.0237842943845
"GSM1344136",54.9,52.1032007013404
"GSM1344137",61.8,63.3088558727961
"GSM1344138",60.6,60.38208132927
"GSM1344139",44.5,48.6591658354825
"GSM1344140",51.9,54.3853707825169
"GSM1344141",44.2,44.9449150544964
"GSM1344142",61.5,58.8560677457992
"GSM1344143",50.5,54.6520012443403
"GSM1344144",37.1,38.3108424830568
"GSM1344145",57.2,53.3604694673727
"GSM1344146",43.3,48.3379143238957
"GSM1344147",63.3,65.7703955015404
"GSM1344148",46.9,49.5563819783335
"GSM1344149",39.8,41.4877425604859
"GSM1344150",45.8,48.4901215852782
"GSM1344151",52.2,54.2332106226104
"GSM1344152",59.8,52.5622779488622
"GSM1344153",49.9,46.9496541121501
"GSM1344154",67.3,67.8517099143666
"GSM1344155",66.8,63.492419051288
"GSM1344156",54.6,55.7656897857666
"GSM1344157",47.8,54.1631402518964
"GSM1344158",57.1,59.2386921416494
"GSM1344159",42.6,43.4846243249589
"GSM1344160",62.6,59.7247357151018
"GSM1344161",45.1,48.5516577370598
"GSM1344162",71.2,69.0078913676736
"GSM1344163",65.8,60.6432113783548
"GSM1344164",43.1,43.167540959629
"GSM1344165",42.1,39.6887664773923
"GSM1344166",47.3,50.5380913709535
"GSM1344167",35.3,41.7285000900491
"GSM1344168",53.8,52.535632049437
"GSM1344169",56.4,55.4931885388518
"GSM1344170",67.9,65.970653451532
"GSM1344171",61.3,62.5453244668023
"GSM1344172",41,40.5519807323239
"GSM1344173",52.4,51.8973047206889
"GSM1344174",45.3,46.4215412400649
"GSM1344175",71.1,67.6016450933806
"GSM1344176",44.7,45.4101378076504
"GSM1344177",56.8,52.6645780827375
"GSM1344178",56.5,59.4907705408541
"GSM1344179",49.3,52.7870836569192
"GSM1344180",50.2,46.9483847959767
"GSM1344181",68,62.097172466318
"GSM1344182",69.9,66.3999092677957
"GSM1344183",51.1,52.8882484949304
"GSM1344184",39.3,39.1461597323844
"GSM1344185",57.1,55.9510832734042
"GSM1344186",55.2,49.6771244881569
"GSM1344187",42.2,47.9096464003006
"GSM1344188",71.3,68.9928048276247
"GSM1344189",49.9,55.4670281400952
"GSM1344190",54,49.8720730606609
"GSM1344191",46.2,47.1146989445826
"GSM1344192",49.3,47.9913244557703
"GSM1344193",40.4,41.1282103683081
"GSM1344194",46.6,46.9041266598775
"GSM1344195",52.4,55.168542529813
"GSM1344196",63.6,58.5302628913943
"GSM1344197",40.8,42.2557418828898
"GSM1344198",53.3,50.0332085314791
"GSM1344199",42.7,51.934591486207
"GSM1344200",49.5,54.3177614649034
"GSM1344201",36.5,36.7209438731333
"GSM1344202",51.1,46.8277336900211
"GSM1344203",49.3,49.9212938714765
"GSM1344204",35.4,33.8217701811581
"GSM1344205",48.7,49.1694364131464
"GSM1344206",42,46.2720703213637
"GSM1344207",42.5,40.9343190869189
"GSM1344208",37.1,40.5600573607833
"GSM1344209",57.9,55.5684904447102
"GSM1344210",73.9,71.008132140465
"GSM1344211",56.6,54.9168615654686
"GSM1344212",57.7,56.2340054763493
"GSM1344213",53.2,47.1069597826015
"GSM1344214",39.9,43.8840056275874
"GSM1344215",43.9,42.705466132903
"GSM1344216",51.3,54.6804670225741
"GSM1344217",45.5,44.9724727236349
"GSM1344218",55.2,52.1638143017065
"GSM1344219",42.7,44.8593221873778
"GSM1344220",37.5,39.6860078090183
"GSM1344221",46.4,46.7472896462438
"GSM1344222",62.2,56.0742615295787
"GSM1344223",48.6,47.0609713565449
"GSM1344224",45.4,42.78486856658
"GSM1344225",53.5,51.209036599623
"GSM1344226",37.8,40.0528095903859
"GSM1344227",54.6,54.6182948303098
"GSM1344228",40.3,44.0982484283005
"GSM1344229",39.3,37.4279743774847
"GSM1344230",36.4,35.4359398912913
"GSM1344231",35.2,37.7123631882777
"GSM1344232",59.1,62.3566375503164
"GSM1344233",41.7,41.2483992511334
"GSM1344234",39.1,38.5218640764802
"GSM1344235",72.6,71.3951083780555
"GSM1344236",42.9,43.2104539098805
"GSM1344237",43.3,38.3268796652828
"GSM1344238",59,64.9698991333415
"GSM1344239",48.6,48.6177518658478
"GSM1344240",38.1,40.4778816046929
"GSM1344241",55.2,48.28450805771
"GSM1344242",74.1,66.6130885064679
"GSM1344243",51.8,48.5737430187598
"GSM1344244",45.2,45.968165956823
"GSM1344245",60.8,62.0059115485795
"GSM1344246",71,58.1390037215349
"GSM1344247",64.6,64.0922710166338
"GSM1344248",65.7,64.3387655863337
"GSM1344249",45.4,47.0492404230571
"GSM1344250",35.2,36.2004754483345
"GSM1344251",50.7,49.4778800920082
"GSM1344252",62.4,55.1339094826061
"GSM1344253",51.4,61.5716577685945
"GSM1344254",46.1,47.7823868050509
"GSM1344255",37.4,39.0516004631221
"GSM1344256",40.2,41.8514028150029
"GSM1344257",47.8,49.0700670917036
"GSM1344258",65.2,59.804809980292
"GSM1344259",55.5,55.0306950357754
"GSM1344260",70.3,60.9495350726202
"GSM1344261",61.1,56.7419396529378
"GSM1344262",35.5,36.8091921684403
"GSM1344263",50.9,48.1252648547118
"GSM1344264",67.8,64.544244951633
"GSM1344265",71.6,66.5307449702758
"GSM1344266",42.5,45.9605481391094
"GSM1344267",53.7,55.9222910265856
"GSM1344268",48.4,42.2726755059435
"GSM1344269",39.3,37.8277284329059
"GSM1344270",35.1,35.4609158980835
"GSM1344271",41.9,41.5477725922927
"GSM1344272",47.9,42.5340954917023
"GSM1344273",43.4,44.4038695753235
"GSM1344274",54.2,57.8227900652881
"GSM1344275",46.5,49.7388781253021
"GSM1344276",62.3,62.1005092580264
"GSM1344277",37.9,41.6384581687886
"GSM1344278",40.9,42.9527739046165
"GSM1344279",45.6,47.0923943946739
"GSM1344280",48.8,45.8656989814136
"GSM1344281",38.3,37.5184180032695
"GSM1344282",37.2,40.9376426122908
"GSM1344283",70.7,64.7204079934922
"GSM1344284",46,48.3947984863645
"GSM1344285",50,48.5148744449318
"GSM1344286",47.9,53.262912849303
"GSM1344287",56,56.5406996974875
"GSM1344288",52.6,50.7914550659487
"GSM1344289",54,56.7752018391667
"GSM1344290",43.4,46.461731918907
"GSM1344291",48.5,47.2911249208271
"GSM1344292",48.2,55.4377460765517
"GSM1344293",55.7,48.3801159402254
"GSM1344294",44,41.0429794354568
"GSM1344295",36.7,44.1529760976747
"GSM1344296",70.4,69.7950728515989
"GSM1344297",48.4,48.597180603502
"GSM1344298",64.1,63.7350266671779
"GSM1344299",35.2,37.9863383630713
"GSM1344300",52.7,48.1248126541586
"GSM1344301",40.2,43.919080766597
"GSM1344302",64,60.8512200877884
"GSM1344303",60.6,57.4082865198874
"GSM1344304",35.6,37.3459535212873
"GSM1344305",41,41.128911301719
"GSM1344306",67.8,73.3619654036764
"GSM1344307",46,41.1486479207692
"GSM1344308",54.1,51.0705668657653
"GSM1344309",46.9,47.875151581876
"GSM1344310",36.3,40.4006843575969
"GSM1344311",46.5,46.6996225464089
"GSM1344312",35.2,37.5109927668919
"GSM1344313",43.6,44.7119736925087
"GSM1344314",48.3,42.1886374334834
"GSM1344315",51.8,56.7643832824087
"GSM1344316",53.7,50.9123264132067
"GSM1344317",51.6,45.8855338152305
"GSM1344318",69.8,62.5078761675033
"GSM1344319",35.5,34.1838609323932
"GSM1344320",58.5,63.1929585829157
"GSM1344321",49.2,48.1409606893244
"GSM1344322",51,58.224170886545
"GSM1344323",54.8,58.8237573559534
"GSM1344324",50.7,53.9163469095292
"GSM1344325",61.5,61.5027807487432
"GSM1344326",61.1,64.1442282085096
"GSM1344327",56.4,51.2999119677461
"GSM1344328",39.4,39.4547564128073
"GSM1344329",60.4,60.5009521974871
"GSM1344330",51.7,46.5618826684724
"GSM1344331",51.9,50.485499102338
"GSM1344332",56.8,55.2511326315023
"GSM1344333",39.5,40.1281539407835
"GSM1344334",41.7,45.0851302627957
"GSM1344335",45,52.9157350491027
"GSM1344336",52.8,49.4774932498943
"GSM1344337",40.8,54.3141015848151
"GSM1344338",49.8,51.251909491521
"GSM1344339",39.6,46.1461079817155
"GSM1344340",55.1,62.0861010879247
"GSM1344341",44.3,44.0430092620248
"GSM1344342",42.2,41.922560585567
"GSM1344343",71.1,63.6697999936225
"GSM1344344",35.7,41.4333133952868
"GSM1344345",66.3,63.8306589241011
"GSM1344346",53.6,58.1247865383803
"GSM1344347",63.1,56.6439753357532
"GSM1344348",64.4,56.1286832553795
"GSM1344349",74.4,68.1081466558423
"GSM1344350",41.5,50.0618079879057
"GSM1344351",54.2,62.9118591745237
"GSM1344352",48.6,48.9122867208471
"GSM1344353",35.2,41.2544473604395
"GSM1344354",51.3,43.7663643954148
"GSM1344355",57.5,53.5224082680805
"GSM1344356",35.1,36.8307393887698
"GSM1344357",73.7,68.9924327781295
"GSM1344358",38.2,37.8361627134407
"GSM1344359",58.5,55.157189894012
"GSM1344360",54.3,51.417506009241
"GSM1344361",54.7,54.0705442597467
"GSM1344362",53.1,55.0707962352351
"GSM1344363",36.4,41.3445503892632
"GSM1344364",52.7,52.2739040772014
"GSM1344365",53.7,50.760621097366
"GSM1344366",36.2,41.117497127297
"GSM1344367",56.9,57.9084396146114
"GSM1344368",41,41.0728038811274
"GSM1344369",61.5,55.3027848715094
"GSM1344370",56.8,71.7282347316711
"GSM1344371",51.9,49.7393823536238
"GSM1344372",67.1,64.969240668054
"GSM1344373",59.2,53.3990745025193
"GSM1344374",56,59.104614052132
"GSM1344375",51.6,52.1193826872953
"GSM1344376",66.1,58.0921666446574
"GSM1344377",70.1,68.4781503022866
"GSM1344378",58.4,58.7733001366214
"GSM1344379",57.5,58.792200140135
"GSM1344380",38.5,44.8266614471233
"GSM1344381",39,43.6812761487961
"GSM1344382",65.2,61.0521735621611
"GSM1344383",38.7,40.9624368870915
"GSM1344384",35.4,36.0548775579386
"GSM1344385",67.4,67.730254713281
"GSM1344386",50.2,49.3509420716324
"GSM1344387",51.6,54.5771966786944
"GSM1344388",60.7,64.4885242858514
"GSM1344389",47.4,46.181020042856
"GSM1344390",66.4,60.8751408445727
"GSM1344391",53.5,52.6061828975116
"GSM1344392",40.4,41.4399520927
"GSM1344393",74.4,69.6703627099876
"GSM1344394",47.5,51.8662337503803
"GSM1344395",64.2,55.6131954467729
"GSM1344396",64.3,62.244733485399
"GSM1344397",53.9,55.5107587333005
"GSM1344398",35.3,38.1153385600161
"GSM1344399",42.1,47.3948620843218
"GSM1344400",36.3,39.5550341773068
"GSM1344401",49.3,52.6525911807908
"GSM1344402",47.6,46.5931606409354
"GSM1344403",43.2,45.2031347270301
"GSM1344404",67.5,68.3843731680247
"GSM1344405",40.6,44.6695862258521
"GSM1344406",35.1,40.5816287137553
"GSM1344407",63.7,66.9610200576605
"GSM1344408",67,61.6656166026886
"GSM1344409",52.9,50.2442145283183
"GSM1344410",66,62.8491396935875
"GSM1344411",50.4,49.9041587998893
"GSM1344412",46.1,58.068073986272
"GSM1344413",47.9,51.5937787345827
"GSM1344414",36.3,41.7793960076727
"GSM1344415",58.2,53.1622851827203
"GSM1344416",64.4,62.513052792175
"GSM1344417",64.8,56.8690505403741
"GSM1344418",59.4,62.0478852994885
"GSM1344419",40.3,45.4892963685593
"GSM1344420",50.5,48.884937321965
"GSM1344421",35.9,38.1003493971912
"GSM1344422",48.5,51.5875522010938
"GSM1344423",42.8,38.3019647793261
"GSM1344424",37.5,47.5570524546136
"GSM1344425",45.6,49.0188973499229
"GSM1344426",36.4,37.0868645321039
"GSM1344427",43.3,42.9747520490589
"GSM1344428",56,53.5915237800269
"GSM1344429",35.5,37.0217508017734
"GSM1344430",46.9,53.0442867850337
"GSM1344431",52.7,50.9136569625156
"GSM1344432",73.4,64.6933560890009
"GSM1344433",62.9,67.3757307001244
"GSM1344434",39.4,43.2183333382057
"GSM1344435",65,59.280265578833
"GSM1344436",49.2,53.5100892928933
"GSM1344437",51.3,51.8644378262686
"GSM1344438",52.9,51.6942312152553
"GSM1344439",41.9,42.1548121363846
"GSM1344440",36.8,37.9074198162719
"GSM1344441",46.6,42.3775416446063
"GSM1344442",55.2,57.1014605983839
"GSM1344443",40.5,41.1114135731872
"GSM1344444",55.3,53.7716281103977
"GSM1344445",35.2,35.4230839255095
"GSM1344446",39.8,44.6365583030287
"GSM1344447",60.2,62.0804601599353
"GSM1344448",36,37.8102918566113
"GSM1344449",45.8,49.79241298063
"GSM1344450",47.1,50.3829751426964
"GSM1344451",46.1,50.4932379882434
"GSM1344452",49.2,50.513528024646
"GSM1344453",52.6,50.942210192018
"GSM1344454",64.2,67.7909183055966
"GSM1344455",59.4,58.2579104074519
"GSM1344456",63.8,64.1737846554661
"GSM1344457",72.6,70.9648204662185
"GSM1344458",57.6,52.248265996919
"GSM1344459",56.3,52.6357976912754
"GSM1344460",45.9,43.479982622583
"GSM1344461",67.4,62.5920012299578
"GSM1344462",56.2,48.2031116767028
"GSM1344463",43.9,43.8766888155805
"GSM1344464",39.7,33.8337465166062
"GSM1344465",35.3,36.6576523369573
"GSM1344466",43.6,46.2481282152374
"GSM1344467",41.4,46.7510185213644
"GSM1344468",36.1,40.1679694471792
"GSM1344469",51.3,45.27373706254
"GSM1344470",46.9,55.1968133892884
"GSM1344471",42.8,45.8186127815988
"GSM1344472",55.6,55.5867229650836
"GSM1344473",36.2,38.5172957997362
"GSM1344474",67.5,60.1737181156587
"GSM1344475",42.5,46.2226654141184
"GSM1344476",68.6,69.1819427434952
"GSM1344477",37,41.092268692301
"GSM1344478",48.8,48.5212459975422
"GSM1344479",40.5,48.6460077107328
"GSM1344480",35.6,39.3595713135297
"GSM1344481",48.9,52.4047491807694
"GSM1344482",52.5,56.7348408226033
"GSM1344483",46.9,48.0848161136982
"GSM1344484",46.8,47.5616947790375
"GSM1344485",48.4,45.4872986986079
"GSM1344486",57.5,56.8806417856161
"GSM1344487",56.6,57.9199091813075
"GSM1344488",55.1,49.5679933901614
"GSM1344489",52.4,49.8907795855159
"GSM1344490",50.8,49.9224908063307
"GSM1344491",55.2,56.3435685184674
"GSM1344492",63.7,60.7170161423779
"GSM1344493",43.6,38.7801177836885
"GSM1344494",35.3,35.0948321838599
"GSM1344495",45.1,46.2942766733424
"GSM1344496",47.9,48.0108462960123
"GSM1344497",58,51.0296507898042
"GSM1344498",52.9,50.1761949909225
"GSM1344499",47.4,45.6227741476837
"GSM1344500",47.7,45.8892776667933
"GSM1344501",51.9,56.0429812876406
"GSM1344502",51.2,52.5136888358065
"GSM1344503",66.2,60.7758661533017
"GSM1344504",48.2,49.7443316364226
"GSM1344505",50.2,49.7808974335247
"GSM1344506",50.9,45.8184867178663
"GSM1344507",59.3,56.1570207547422
"GSM1344508",56.6,57.8392203408319
"GSM1344509",55,53.5132165494385
"GSM1344510",48,47.4139561344594
"GSM1344511",65.2,65.4750307364384
"GSM1344512",66.2,61.9693251983917
"GSM1344513",59,55.5589205002264
"GSM1344514",42.7,43.1662686984894
"GSM1344515",71.8,63.3571458251936
"GSM1344516",51.4,50.3891957465808
"GSM1344517",65.4,62.8273884209092
"GSM1344518",42.1,49.4294007035437
"GSM1344519",41.5,40.206823996739
"GSM1344520",64,55.6212931873973
"GSM1344521",35.8,39.2535464326333
"GSM1344522",42.7,43.5359439424585
"GSM1344523",46.1,50.7918024990582
"GSM1344524",55.5,53.3991848454541
"GSM1344525",54,53.4214857614682
"GSM1344526",47.2,50.666008118665
"GSM1344527",44.9,44.7702004968382
"GSM1344528",56.5,53.5443788873713
"GSM1344529",35.2,38.9824415206606
"GSM1344530",54.1,53.6575670275625
"GSM1344531",71.2,63.2945863848366
"GSM1344532",49.1,50.479643719132
"GSM1344533",69.9,63.9614724408039
"GSM1344534",68.1,63.3891692654178
"GSM1344535",35.2,45.6681501327717
"GSM1344536",55.5,59.868643599766
"GSM1344537",54.7,50.1007989302479
"GSM1344538",44.5,47.7032604492586
"GSM1344539",74.5,70.9509028489407
"GSM1344540",51.9,51.3701366667544
"GSM1344541",45.5,47.4973147904785
"GSM1344542",43,43.0578389091055
"GSM1344543",55.3,53.2844040479784
"GSM1344544",43.6,36.890566632265
"GSM1344545",49.4,47.5683965029355
"GSM1344546",44.7,49.6245153405364
"GSM1344547",44.4,49.3082458652719
"GSM1344548",64.4,58.564366826987
"GSM1344549",40,47.1508761537861
"GSM1344550",39.1,39.0700334182031
"GSM1344551",71.8,79.0705188974276
"GSM1344552",59.1,56.6778068024481
"GSM1344553",46.5,47.2670923697383
"GSM1344554",55.9,49.6357541053265
"GSM1344555",41.9,50.2282613177787
"GSM1344556",47.8,46.7492218530115
"GSM1344557",68.2,65.9374471631189
"GSM1344558",63.6,63.0740902870288
"GSM1344559",58.3,55.8359434030701
"GSM1344560",63.5,60.8779926804297
"GSM1344561",45,46.3851742839604
"GSM1344562",44.1,41.9960000371991
"GSM1344563",60.6,59.1376464502633
"GSM1344564",35.2,39.5798921669934
"GSM1344565",44.3,45.7665818637016
"GSM1344566",44.9,44.0266532651781
"GSM1344567",45.9,50.1525918126859
"GSM1344568",63.4,62.663670864486
"GSM1344569",56.6,50.5463939612594
"GSM1344570",36.9,41.4115206778795
"GSM1344571",48.9,48.2399348559727
"GSM1344572",50.5,47.8323110466728
"GSM1344573",37.8,36.7077229141573
"GSM1344574",52.8,55.22315973416
"GSM1344575",68.6,66.506569673362
"GSM1344576",57.3,51.4031900065623
"GSM1344577",42.1,50.0018897554134
"GSM1344578",48.1,49.2264278829485
"GSM1344579",54.5,57.4730566336499
"GSM1344580",48.1,52.8830183886471
"GSM1344581",72.1,72.9570446246843
"GSM1344582",52.1,60.5372875231019
"GSM1344583",72.9,64.87899619323
"GSM1344584",56.9,55.931662310247
"GSM1344585",56.5,51.7049929421693
"GSM1344586",74.4,73.6573037042302
"GSM1344587",60.6,58.7478807415201
"GSM1344588",40.9,38.6098482763918
"GSM1344589",46.4,48.2746413525978
"GSM1344590",58.7,62.3074492358673
"GSM1344591",36.1,40.5775129318567
"GSM1344592",54.7,53.5580104447403
"GSM1344593",51.9,47.014439321052
"GSM1344594",58.9,58.7734638478949
"GSM1344595",42.7,53.1362309166992
"GSM1344596",39.3,39.6297140742586
"GSM1344597",49.1,49.4948033936702
"GSM1344598",52.7,50.0908890593596
"GSM1344599",64.6,62.7698039653207
"GSM1344600",62,57.7101296617889
"GSM1344601",55,61.5462849805423
"GSM1344602",56.1,50.945896381803
"GSM1344603",47.7,44.9404407304737
"GSM1344604",42,44.4780531669579
"GSM1344605",67.2,64.0408144077481
"GSM1344606",52.8,49.4815231338525
"GSM1344607",70.3,60.2460073401904
"GSM1344608",36.4,33.5591406703905
"GSM1344609",49,50.7875819897921
"GSM1344610",54.3,53.0239568890596
"GSM1344611",42,40.3769387347671
"GSM1344612",50.8,45.6169920495611
"GSM1344613",50.5,55.393063763384
"GSM1344614",47.3,46.5821496216883
"GSM1344615",46.4,50.5968853085246
"GSM1344616",38.3,38.8754431196673
"GSM1344617",48,50.7283643962206
"GSM1344618",49.5,48.7902608890002
"GSM1344619",42.6,39.6177585703323
"GSM1344620",38.7,43.6219165567612
"GSM1344621",50.9,50.0464433603882
"GSM1344622",55.3,44.9805860609939
"GSM1344623",57,59.4692923292611
"GSM1344624",68.9,68.210674746614
"GSM1344625",38.7,36.4213227794285
"GSM1344626",53.5,53.1356240279619
"GSM1344627",60.5,53.3857202729165
"GSM1344628",44.9,48.4995711653607
"GSM1344629",37.3,37.2716532787566
"GSM1344630",54.8,54.6256847820481
"GSM1344631",67.6,71.1109300386939
"GSM1344632",49.6,53.3324090401529
"GSM1344633",41.7,45.1073168099189
"GSM1344634",35.6,33.8386306240992
"GSM1344635",45,47.4724099052734
"GSM1344636",64.7,65.5660185974457
"GSM1344637",51.7,47.1112464038794
"GSM1344638",72.5,71.2016805630562
"GSM1344639",50.1,55.5325582531059
"GSM1344640",40.7,43.464404016879
"GSM1344641",41.3,40.0047437045359
"GSM1344642",39.3,36.8932515197644
"GSM1344643",36.3,39.3774924948358
"GSM1344644",44.4,45.2715366269974
"GSM1344645",47.3,44.034706771302
"GSM1344646",35.1,40.8460054857926
"GSM1344647",57.6,56.0985161252933
"GSM1344648",59.1,55.8483081364179
"GSM1344649",48.6,43.4675507122846
"GSM1344650",42,47.5212951771804
"GSM1344651",47.2,44.6565570378656
"GSM1344652",46.3,48.6956317780709
"GSM1344653",53.1,52.8296715951757
"GSM1344654",58.5,60.6536688491345
"GSM1344655",68.5,56.179569512053
"GSM1344656",67.1,61.104346422398
"GSM1344657",49.2,50.0837784026264
"GSM1344658",45.7,42.2675946319069
"GSM1344659",35.3,38.7606648053679
"GSM1344660",45,45.4354597353506
"GSM1344661",61.7,59.5458236545072
"GSM1344662",48.8,54.5781215718474
"GSM1344663",70.3,63.1075203716211
"GSM1344664",35.4,38.7651161512524
"GSM1344665",39.4,41.9096922491044
"GSM1344666",41.7,44.1329838923718
"GSM1344667",53.9,52.7538166716243
"GSM1344668",46.9,51.9216634258821
"GSM1344669",56.5,55.8483963583182
"GSM1344670",37.2,46.9890858503189
"GSM1344671",45.7,45.6066519823302
"GSM1344672",48.6,46.5198054323547
"GSM1344673",48.3,43.9644557895791
"GSM1344674",46.2,48.232405926069
"GSM1344675",47.1,48.930650802293
"GSM1344676",48.8,43.758937688733
"GSM1344677",43.4,43.9142762870476
"GSM1344678",35.1,35.4034904468126
"GSM1344679",40,39.5192301785254
"GSM1344680",45.7,42.3110752131807
"GSM1344681",39.3,43.7770931935534
"GSM1344682",47.9,42.0400220704423
"GSM1344683",57.7,53.2954774739408
"GSM1344684",50.5,52.5416181062528
"GSM1344685",37.5,34.9979757482662
"GSM1344686",48,47.533937992342
"GSM1344687",35.7,44.0609615867631
"GSM1344688",50.1,47.5325542292877
"GSM1344689",37.6,41.6300091109142
"GSM1344690",46,45.9838560084448
"GSM1344691",40.4,43.261617338537
"GSM1344692",47,43.7970869343595
"GSM1344693",65.6,60.4972805251629
"GSM1344694",35.3,44.6770174352414
"GSM1344695",47.1,41.6163922892344
"GSM1344696",39.9,37.2277402367925
"GSM1344697",46.6,43.8279522838907
"GSM1344698",60.8,63.0491287462691
"GSM1344699",35.1,43.6096942341216
"GSM1344700",52.1,53.3090087415524
"GSM1344701",47.4,45.7576607793225
"GSM1344702",47.9,55.3595482437332
"GSM1344703",41.6,45.3316053378337
"GSM1344704",45.8,41.0453301859638
"GSM1344705",36.6,35.301287941829
"GSM1344706",48.7,49.7521612881268
"GSM1344707",44.3,46.0649654652675
"GSM1344708",55.2,54.2632710877174
"GSM1344709",54.8,51.6562022328627
"GSM1344710",36.5,30.193476216706
"GSM1344711",45.7,50.1964106315128
"GSM1344712",31.4,38.0631359512861
"GSM1344713",54.8,51.6154223100744
"GSM1344714",42.5,49.1750194445813
"GSM1344715",58.4,60.1124852897045
"GSM1344716",50.1,49.4182212616182
"GSM1344717",57,53.4903306882431
"GSM1344718",51.6,46.9308097924721
"GSM1344719",70.9,71.1596011909881
"GSM1344720",42.2,44.8626323403996
"GSM1344721",35.7,40.7228981230207
"GSM1344722",47.3,48.4321494550619
"GSM1344723",36,37.2938300520249
"GSM1344724",39.2,37.930504821417
"GSM1344725",41.8,44.9755209208428
"GSM1344726",58.3,58.1684089385834
"GSM1344727",35.4,37.9608270088014
"GSM1344728",51.9,48.5039031627185
"GSM1344729",50.6,49.7775421854874
"GSM1344730",67.4,63.4001606581364
"GSM1344731",37,38.3939864226064
"GSM1344732",35.2,31.912301249229
"GSM1344733",71.4,66.8247703502734
"GSM1344734",71.2,69.8208248103335
"GSM1344735",52.8,55.2430145363883
"GSM1344736",41.5,44.8890173254538
"GSM1344737",48.6,48.6237944906471
"GSM1344738",42.3,41.1604793334899
"GSM1344739",35.2,35.8591745209553
"GSM1344740",45.4,44.5309353418397
"GSM1344741",45.6,45.5772054584267
"GSM1344742",60.9,71.3712001133616
"GSM1344743",55.6,51.2981468704286
"GSM1344744",51.4,48.9069181538575
"GSM1344745",72.4,71.0321178469777
"GSM1344746",71.5,61.3763686722825
"GSM1344747",39.9,38.8502975285509
"GSM1344748",71.3,76.4926967454394
"GSM1344749",53.9,52.5764104070061
"GSM1344750",49.9,51.6698339894055
"GSM1344751",37.8,39.3253289946885
"GSM1344752",64.3,59.6699828044703
"GSM1344753",43.4,43.7995396203305
"GSM1344754",48.4,48.1173789736049
"GSM1344755",43.2,40.2719682514152
"GSM1344756",66.9,66.563277735303
"GSM1344757",70.3,71.2296341835098
"GSM1344758",51.5,54.7134985908164
"GSM1344759",66.5,62.9153199751513
"GSM1344760",54.4,54.3011669425007
"GSM1344761",52.2,54.8288347020347
"GSM1344762",48.3,47.7732930043696
"GSM1344763",45.2,49.9025023845994
"GSM1344764",53.6,61.2325718741805
"GSM1344765",53.9,49.472549776984
"GSM1344766",46.1,43.8569130609596
"GSM1344767",60.4,59.6722748304624
"GSM1344768",49.2,44.9819964148584
"GSM1344769",66.6,69.7151333902186
"GSM1344770",42,46.8885162544931
"GSM1344771",40.5,42.7196599670376
"GSM1344772",57.3,56.6986066640002
"GSM1344773",69.8,67.6926704477288
"GSM1344774",50.3,48.4397928386769
"GSM1344775",41.9,40.6150954205103
"GSM1344776",46.7,44.3033646980747
"GSM1344777",52.3,55.3420657590067
"GSM1344778",53,49.1424875806339
"GSM1344779",65.1,59.0898092759379
"GSM1344780",64.1,56.4562379345313
"GSM1344781",50.2,47.0269673567136
"GSM1344782",40.2,44.7915992333461
"GSM1344783",63.3,62.5241458214157
"GSM1344784",48.9,50.6594657611748
"GSM1344785",35.2,35.6272713633141
"GSM1344786",40,34.4289547440975
"GSM1344787",48.4,46.3740472118491
"GSM1344788",39.5,33.9129485948435
"GSM1344789",45.9,48.7573219600657
"GSM1344790",67.7,74.826644856747
"GSM1344791",49.8,52.5032538861463
"GSM1344792",42.4,46.7512293208196
"GSM1344793",56.9,56.7263180730829
"GSM1344794",62.5,55.9893615597782
"GSM1344795",54.8,52.1214886388148
"GSM1344796",50.4,52.9519340232794
"GSM1344797",36.7,36.9085729083026
"GSM1344798",50.1,55.6764855622405
"GSM1344799",61.2,61.4947261708781
"GSM1344800",42.9,47.5412840844294
"GSM1344801",45.9,44.0150791161395
"GSM1344802",68.4,69.6134482075583
"GSM1344803",61.7,61.6393520971305
"GSM1344804",37.7,40.3661920737454
"GSM1344805",55.3,55.1484579009773
"GSM1344806",43.5,46.8826697257587
"GSM1344807",41.5,38.9788893850064
"GSM1344808",46.9,50.887337670444
"GSM1344809",61.9,59.8688938599155
"GSM1344810",73.8,63.9843121534476
"GSM1344811",36.1,42.3960312334722
"GSM1344812",54.7,53.044733861388
"GSM1344813",54.2,54.0325663458644
"GSM1344814",50.6,52.2024883878802
"GSM1344815",41.7,40.1642987882716
"GSM1344816",43.2,43.0330162487716
"GSM1344817",42.4,43.3313142437856
"GSM1344818",48,45.4931572566544
"GSM1344819",67.7,63.6091002450245
"GSM1344820",60.1,55.7699535455841
"GSM1344821",66.6,62.6543560865339
"GSM1344822",43.2,41.4991202917982
"GSM1344823",45.6,40.042757547051
"GSM1344824",49.2,55.8379323097107
"GSM1344825",53,51.8370686877648
"GSM1344826",43.2,40.6676053187488
"GSM1344827",56.2,61.1385652082851
"GSM1344828",39.7,43.0098790180195
"GSM1344829",53.3,54.3020933199594
"GSM1344830",50.7,50.5007310803862
"GSM1344831",55.4,51.6980233302185
"GSM1344832",39.9,42.2316263338842
"GSM1344833",35.1,41.3131417226622
"GSM1344834",69.9,63.3103530858495
"GSM1344835",39.7,46.1063660068165
"GSM1344836",54.7,54.1517883885958
"GSM1344837",44.3,45.6780843967158
"GSM1344838",35.2,34.4314116080678
"GSM1344839",62.8,57.8418355487082
"GSM1344840",44.3,44.4264348641519
"GSM1344841",46.8,49.8823932769748
"GSM1344842",61.8,62.1492792391925
"GSM1344843",61.8,55.0130894672546
"GSM1344844",44.6,51.1621622528865
"GSM1344845",53.6,56.96197811012
"GSM1344846",37,37.0707978011321
"GSM1344847",62.3,54.3811823630456
"GSM1344848",71.2,68.3453336134182
"GSM1344849",58,51.0560793566235
"GSM1344850",61.1,53.9336139119096
"GSM1344851",36.2,36.925143543779
"GSM1344852",69.3,69.8396412925526
"GSM1344853",59.7,57.4274472669702
"GSM1344854",35.5,41.8722041285284
"GSM1344855",54.5,49.4739799095194
"GSM1344856",36.9,40.6344205730539
"GSM1344857",47.5,44.8641213087586
"GSM1344858",50.1,51.7537169041015
"GSM1344859",39.2,41.0576214838312
"GSM1344860",45.4,44.8391212574935
"GSM1344861",54.8,55.4028901037043
"GSM1344862",57.7,56.3685923971213
"GSM1344863",36,36.4696106368064
"GSM1344864",53,53.2688252954975
"GSM1344865",53.9,47.0003378034485
"GSM1344866",35.1,36.1330118605834
"GSM1344867",42.7,44.1980284815696
"GSM1344868",57,53.8534514896792
"GSM1344869",52.9,47.9918406654016
"GSM1344870",60.5,62.1038664152644
"GSM1344871",57.9,49.309563171639
"GSM1344872",71.6,66.1893140304658
"GSM1344873",45.2,42.8496409225365
"GSM1344874",36.9,41.7385445353272
"GSM1344875",64.3,62.0639323992089
"GSM1344876",40,39.7508196290276
"GSM1344877",73.7,74.7102886782419
"GSM1344878",64.1,67.77865119965
"GSM1344879",40.4,38.2737608310363
"GSM1344880",36.4,39.7387455214017
"GSM1344881",56.4,56.7781553553051
"GSM1344882",52.2,48.4692967442793
"GSM1344883",49.6,45.8171982804494
"GSM1344884",50.8,47.8441475474633
"GSM1344885",47.5,45.4029384160646
"GSM1344886",56.3,57.1316484103349
"GSM1344887",37.6,34.0733291736098
"GSM1344888",49.9,46.6483835588757
"GSM1344889",54.2,45.6354529485054
"GSM1344890",35.5,33.3833488060156
"GSM1344891",35.2,35.7996336969362
"GSM1344892",35.2,38.9115030410544
"GSM1344893",73.8,67.4181939894645
"GSM1344894",46.1,60.5321070875598
"GSM1344895",50.2,56.5580615245351
"GSM1344896",42.6,42.6679353527838
"GSM1344897",48,46.0873428736873
"GSM1344898",52.1,47.6624050091307
"GSM1344899",49.9,47.7005752541588
"GSM1344900",49.2,45.8437060023511
"GSM1344901",36.2,36.9986300625938
"GSM1344902",47.1,46.0744485988163
"GSM1344903",73.8,59.9153557334399
"GSM1344904",51.6,51.3089152852379
"GSM1344905",59,56.5002546502748
"GSM1344906",45.1,44.0451537932565
"GSM1344907",41,45.5442766948165
"GSM1344908",41.6,41.177916250369
"GSM1344909",51,51.6891606489616
"GSM1344910",39.9,39.382532778443
"GSM1344911",36.9,41.782582176573
"GSM1344912",66.5,62.338446276333
"GSM1344913",38.4,37.6240854746956
"GSM1344914",48.2,52.064399374778
"GSM1344915",43.4,44.9186490887524
"GSM1344916",40.9,41.1421368709117
"GSM1344917",51,54.7935986196568
"GSM1344918",71,65.7454551400617
"GSM1344919",51.3,47.8982488553442
"GSM1344920",48.3,54.4153198260754
"GSM1344921",62,60.8114408136047
"GSM1344922",35.2,37.1685807765502
"GSM1344923",50.8,54.190484627484
"GSM1344924",50.6,52.8129721602814
"GSM1344925",70.3,68.1231267420069
"GSM1344926",61.5,52.3761649491621
"GSM1344927",55.2,53.462155518478
"GSM1344928",65.6,59.8320821961425
"GSM1344929",58.7,51.9971849897035
"GSM1344930",69.5,62.6992608164115
"GSM1344931",48,48.3316254566444
"GSM1344932",38.6,39.0020899039013
"GSM1344933",46.9,48.5287657642507
"GSM1344934",47.6,52.3588605981815
"GSM1344935",43.4,38.1925348735823
"GSM1344936",58.3,60.4045587941526
"GSM1344937",50.2,51.9953102114583
"GSM1344938",59.5,57.817939325858
"GSM1344939",47.3,48.8937674721946
"GSM1344940",41.3,45.7941762783585
"GSM1344941",54,51.2682381816187
"GSM1344942",52,51.1670915095424
"GSM1344943",65,66.4533322331212
"GSM1344944",59.2,58.7038382273493
"GSM1344945",47.4,44.9102851825828
"GSM1344946",49.5,52.8236254993634
"GSM1344947",47.6,54.3172377001289
"GSM1344948",55.5,60.6844115268176
"GSM1344949",35.5,34.2326732456219
"GSM1344950",39.6,41.4849204966412
"GSM1344951",49.9,43.5499764419142
"GSM1344952",61.1,56.3278171164972
"GSM1344953",64.7,68.7050734419239
"GSM1344954",51.3,49.9792589275693
"GSM1344955",64.1,59.6008945103652
"GSM1344956",35.1,35.0248396334276
"GSM1344957",44.4,45.4770213197504
"GSM1344958",44.8,42.93596641574
"GSM1344959",62.1,53.7373641990925
"GSM1344960",74.4,65.9691860736806
"GSM1344961",35.7,37.3864037372218
"GSM1344962",53.3,50.9380102660133
"GSM1344963",52.3,51.0820709481302
"GSM1344964",61.9,62.6119505275892
"GSM1344965",74.1,72.6568936404723
"GSM1344966",56.3,50.7632315938128
"GSM1344967",50.2,48.7516982594113
"GSM1344968",37.2,42.7716871271268
"GSM1344969",37.1,42.5967549179797
"GSM1344970",38.4,43.0812463559737
"GSM1344971",39.5,46.751678503925
"GSM1344972",39.8,47.0648418237525
"GSM1344973",46.4,51.9769847412849
"GSM1344974",63.1,65.9112150383066
"GSM1344975",42.3,36.9492579252834
"GSM1344976",48.4,53.3123946199441
"GSM1344977",54.7,53.8350190380851
"GSM1344978",73.2,66.7197669958881
"GSM1344979",62.4,61.1822966928976
"GSM1344980",49,47.9173664280785
"GSM1344981",48.1,55.4042520328198
"GSM1344982",56.3,57.7037318779489
"GSM1344983",69.1,61.0537194034609
"GSM1344984",38.7,43.4624042994557
"GSM1344985",46.6,46.1591277897334
"GSM1344986",55.1,56.8008035470369
"GSM1344987",69.4,61.526061346419
"GSM1344988",56.9,52.4429509484973
"GSM1344989",56.8,52.7277687835604
"GSM1344990",48.1,51.8474947301577
"GSM1344991",50.9,44.1856536277522
"GSM1344992",45.6,45.8719427610069
"GSM1344993",54.1,50.7755236189502
"GSM1344994",58.4,58.9183968227103
"GSM1344995",60.6,60.8257181779921
"GSM1344996",62.4,56.8837377113506
"GSM1344997",48.3,46.8554722716098
"GSM1344998",37.4,43.4703564204255
"GSM1344999",50,49.3477061491846
"GSM1345000",44.7,47.5290828375445
"GSM1345001",50.6,49.2027430776918
"GSM1345002",64.9,64.386198377428
"GSM1345003",43.6,45.9077594652233
"GSM1345004",51.7,53.4912714659624
"GSM1345005",35.1,40.110237105994
"GSM1345006",63.6,61.6165458496791
"GSM1345007",49.8,49.9616677194147
"GSM1345008",53.9,49.3034466351029
"GSM1345009",72.1,60.3142105876775
"GSM1345010",61.6,58.5381380779637
"GSM1345011",45.5,45.271515901086
"GSM1345012",49.5,51.6297048863037
"GSM1345013",43.4,38.9929172594398
"GSM1345014",42.3,38.1907561986701
"GSM1345015",49.4,52.011856646834
"GSM1345016",41.5,46.64243637371
"GSM1345017",62.5,58.3473605978302
"GSM1345018",44.9,47.2383076692982
"GSM1345019",40.2,43.6718911685553
"GSM1345020",41.6,46.9498127472853
"GSM1345021",57.6,59.4986556946402
"GSM1345022",43.2,44.6001445516487
"GSM1345023",58.1,58.9036536218682
"GSM1345024",48.5,55.6745574865002
"GSM1345025",46,44.0217336277885
"GSM1345026",49.3,48.1383153852818
"GSM1345027",41.3,37.5802763982946
"GSM1345028",58.9,57.8498278439515
"GSM1345029",40,39.956499115725
"GSM1345030",53.4,54.6674555803366
"GSM1345031",48.2,50.9109935954944
"GSM1345032",53.7,54.6059025695184
"GSM1345033",52.9,49.3666703504147
"GSM1345034",45,46.9963491948678
"GSM1345035",64.5,57.5009287782023
"GSM1345036",38.9,37.7302085781268
"GSM1345037",51.8,48.9569099641828
"GSM1345038",55.5,50.3409628351214
"GSM1345039",46.2,47.1079727443741
"GSM1345040",69.7,64.076620343108
"GSM1345041",50.3,49.1998797563556
"GSM1345042",48.7,47.9313234903192
"GSM1345043",36.7,38.6726298326673
"GSM1345044",70.8,63.273271953152
"GSM1345045",61.5,62.0392688790778
"GSM1345046",35.3,50.5309020699343
"GSM1345047",46.9,50.5620785920156
"GSM1345048",47.2,52.5809821105236
"GSM1345049",35.2,39.9258497575138
"GSM1345050",35.2,39.6001336672382
"GSM1345051",50,51.8996325364811
"GSM1345052",42.2,47.8986933366353
"GSM1345053",52.3,52.1337884147352
"GSM1345054",54.6,47.7245238178104
"GSM1345055",55.2,59.255510449984
"GSM1345056",55.3,52.1279269422387
"GSM1345057",44.4,46.8334495683525
"GSM1345058",55.2,55.6066505003561
"GSM1345059",74.6,66.683061401819
"GSM1345060",43.8,42.5834516086228
"GSM1345061",53.8,55.5834370453748
"GSM1345062",55.1,57.7156231744942
"GSM1345063",62.7,65.7242294852497
"GSM1345064",46.5,44.5813717864348
"GSM1345065",49,47.2999144776313
"GSM1345066",48.6,52.9029538335913
"GSM1345067",43,47.4484753318343
"GSM1345068",47.6,45.0180899528369
"GSM1345069",50.8,50.102089930876
"GSM1345070",56.1,53.3930240043137
"GSM1345071",43.1,42.1236264265057
"GSM1345072",44.8,46.608905848252
"GSM1345073",52.2,55.6001763653484
"GSM1345074",63.3,70.1229440764453
"GSM1345075",63.9,63.3626539120622
"GSM1345076",52.7,50.4279675584005
"GSM1345077",42.9,42.6574748027604
"GSM1345078",63.2,55.8493452720627
"GSM1345079",43.3,47.9053557793192
"GSM1345080",50.6,50.8502437234859
"GSM1345081",38.5,38.9013816059495
"GSM1345082",48.8,45.7093311214487
"GSM1345083",54.4,51.4245540224715
"GSM1345084",41.9,50.50050368015
"GSM1345085",63.1,66.2133669220174
"GSM1345086",47.3,50.562070890038
"GSM1345087",42,41.1329953889935
"GSM1345088",41.2,41.5569380085914
"GSM1345089",51.6,52.9670674309217
"GSM1345090",55.5,49.4228058185362
"GSM1345091",35.4,40.923389490892
"GSM1345092",54.2,48.3949058931598
"GSM1345093",39.8,38.2421406464525
"GSM1345094",48.7,51.7919073318467
"GSM1345095",62.6,63.94946102338
"GSM1345096",53.5,49.2813374571771
"GSM1345097",45.5,50.3174372494431
"GSM1345098",46.1,48.8121834297255
"GSM1345099",47.9,42.4737200200821
"GSM1345100",35.2,34.7551734902666
"GSM1345101",48.9,55.0639692277966
"GSM1345102",38.5,51.4175199941716
"GSM1345103",65.8,66.1623923397564
"GSM1345104",52.6,54.9936968391947
"GSM1345105",48,51.9669128723592
"GSM1345106",50.9,54.7580129862185
"GSM1345107",72.9,69.5594276063387
"GSM1345108",72.7,63.6796106493819
"GSM1345109",40.4,40.9970728370768
"GSM1345110",58.4,54.7293270499635
"GSM1345111",40.3,42.114212970281
"GSM1345112",60.6,56.2484297760165
"GSM1345113",54.5,52.005156492723
"GSM1345114",50.4,50.0051037288545
"GSM1345115",39.1,42.2309613642042
"GSM1345116",43.5,47.1389005576109
"GSM1345117",44.9,52.2234035074892
"GSM1345118",39.4,40.7222136442216
"GSM1345119",47.7,50.370988551717
"GSM1345120",50.7,48.1781979225281
"GSM1345121",46.9,47.589472612497
"GSM1345122",51,49.2242651752279
"GSM1345123",52.9,50.7619782014558
"GSM1345124",50.8,56.8117908770515
"GSM1345125",44.9,45.8249835702546
"GSM1345126",57.9,52.9115515435291
"GSM1345127",45.1,46.7817601155095
"GSM1345128",56,51.8650799680971
"GSM1345129",45.3,46.3841463286937
"GSM1345130",38.2,37.7391727163887
"GSM1345131",69.5,61.1596695015282
"GSM1345132",53.4,50.1712697518664
"GSM1345133",59,54.9283946889547
"GSM1345134",41.5,49.5085516089629
"GSM1345135",66.6,64.278969206279
"GSM1345136",35.4,39.9208392975062
"GSM1345137",52.5,52.8752904086572
"GSM1345138",35.1,36.6330711963414
"GSM1345139",38.8,39.9183026359184
"GSM1345140",73,70.4382834725677
"GSM1345141",48.3,53.4115225833179
"GSM1345142",42.1,47.3580370929297
"GSM1345143",49.8,38.600328190527
"GSM1345144",42.5,44.8875744590916
"GSM1345145",35.5,39.8534292338277
"GSM1345146",35.5,37.7261257302136
"GSM1345147",41,47.6966894006579
"GSM1345148",42.5,42.8387731550714
"GSM1345149",45.1,44.3313208160711
"GSM1345150",39,40.7101097152346
"GSM1345151",49.4,50.3574861095636
"GSM1345152",45.1,47.3781860439459
"GSM1345153",71.5,72.0104992310047
"GSM1345154",47.4,48.196120318965
"GSM1345155",49.8,52.2217752168263
"GSM1345156",42.9,46.6969248064817
"GSM1345157",51.2,53.1926009185416
"GSM1345158",48.2,44.8890500201114
"GSM1345159",38.3,40.8253925513864
"GSM1345160",35.3,42.2669043761264
"GSM1345161",51.2,48.7033324438049
"GSM1345162",35.1,37.5393178905887
"GSM1345163",50.5,46.5770422955113
"GSM1345164",55.1,57.4765330941733
"GSM1345165",58.5,59.285594697447
"GSM1345166",57.8,51.7854143843601
"GSM1345167",72.6,69.4308654341187
"GSM1345168",50.9,48.763885624571
"GSM1345169",73.5,71.5190892603779
"GSM1345170",50.3,50.4614031375438
"GSM1345171",64.6,58.1225453709595
"GSM1345172",51.7,56.7845614227878
"GSM1345173",41.7,43.163720765435
"GSM1345174",68.2,66.0468842064541
"GSM1345175",49.6,50.4744426825557
"GSM1345176",48,45.4663983526446
"GSM1345177",55.3,56.307691281541
"GSM1345178",54.5,58.4726333688546
"GSM1345179",55.9,56.4980731649305
"GSM1345180",51.8,48.4698763111948
"GSM1345181",55.2,55.8813630891505
"GSM1345182",53.5,48.0819235156999
"GSM1345183",55.3,53.0780111049516
"GSM1345184",51.5,55.3438754179399
"GSM1345185",58.9,61.6379313249254
"GSM1345186",68.5,67.5679279563452
"GSM1345187",40,43.183178196044
"GSM1345188",43.2,40.8687713036737
"GSM1345189",35.9,41.0436707307232
"GSM1345190",62.7,56.219993884288
"GSM1345191",42.7,43.1195693907919
"GSM1345192",62.3,57.3392959596074
"GSM1345193",49.3,51.2880619072433
"GSM1345194",50.6,51.7023048779188
"GSM1345195",53.1,50.4801667560714
"GSM1345196",72.7,69.8279746990715
"GSM1345197",35.3,38.088643848396
"GSM1345198",37.3,37.1923525426202
"GSM1345199",42.4,46.3620159082162
"GSM1345200",38.1,31.6485289237228
"GSM1345201",43.3,44.5599560093942
"GSM1345202",39.2,39.9363166597284
"GSM1345203",48,45.372133307142
"GSM1345204",43.9,44.6519625632313
"GSM1345205",48.2,49.5187621046311
"GSM1345206",45.4,44.140481223748
"GSM1345207",48,49.4991497446385
"GSM1345208",50.9,53.7852740556768
"GSM1345209",36.9,39.4426233614174
"GSM1345210",68.9,62.5221001626212
"GSM1345211",52.4,45.4416842303722
"GSM1345212",61.1,57.5704407598207
"GSM1345213",64.4,68.30915257414
"GSM1345214",50.4,54.528564738047
"GSM1345215",62.1,61.899401726015
"GSM1345216",66,68.7788095139922
"GSM1345217",56.4,57.6638111397371
"GSM1345218",74.8,68.3134057211808
"GSM1345219",71.7,64.8341804554353
"GSM1345220",67.3,40.122170528316
"GSM1345221",40.2,38.8232439637785
"GSM1345222",36.6,37.3912212926917
"GSM1345223",54.1,50.6622784698507
"GSM1345224",41.2,46.2029913046794
"GSM1345225",61.9,60.2072064250984
"GSM1345226",55.8,48.9035436874415
"GSM1345227",65,64.5935676318686
"GSM1345228",55.1,56.7018690906577
"GSM1345229",49.4,49.5545267946932
"GSM1345230",59.7,60.3893705841033
"GSM1345231",41.7,37.9186570206156
"GSM1345232",47,48.8420115926045
"GSM1345233",70.8,63.4497437634792
"GSM1345234",61.7,62.8525500482055
"GSM1345235",35.1,40.447930276437
"GSM1345236",41.5,45.0355955576771
"GSM1345237",58,59.8988913284786
"GSM1345238",46.6,49.1000572045871
"GSM1345239",58.5,56.4394325329611
"GSM1345240",43.5,49.723031627732
"GSM1345241",37.1,35.8664251136898
"GSM1345242",48.6,48.5295635015322
"GSM1345243",35.1,46.2138272849935
"GSM1345244",35.2,36.3727354587006
"GSM1345245",58.2,62.4478412218587
"GSM1345246",40.4,35.9582402165916
"GSM1345247",45.7,43.1471347727403
"GSM1345248",45.5,46.2377920187462
"GSM1345249",56.8,62.4443843292084
"GSM1345250",41,42.7411376136121
"GSM1345251",38,41.9836811621938
"GSM1345252",69.1,66.6496589820913
"GSM1345253",51.2,50.0655344862184
"GSM1345254",61.9,59.767813177862
"GSM1345255",42.7,47.3391911458967
"GSM1345256",43.7,47.8521694690785
"GSM1345257",45.8,46.7913076245941
"GSM1345258",42.8,41.6577728892782
"GSM1345259",61.4,56.0200350920886
"GSM1345260",73.1,66.754546643439
"GSM1345261",47.4,48.3683266315652
"GSM1345262",55.8,52.5401796463657
"GSM1345263",47.7,50.9446604386305
"GSM1345264",49.4,51.0853011047045
"GSM1345265",69.8,75.1978696543313
"GSM1345266",57.2,54.5179156657252
"GSM1345267",45.7,47.6970542648273
"GSM1345268",59,60.7371965913622
"GSM1345269",47.5,50.7376510348022
"GSM1345270",37.1,39.1825674438954
"GSM1345271",44.5,48.6024908352114
"GSM1345272",35.1,42.1888533621993
"GSM1345273",44.8,46.1391617883668
"GSM1345274",36.1,40.6537180512854
"GSM1345275",53.9,52.2941475594689
"GSM1345276",36.5,42.9678997781578
"GSM1345277",35.9,41.4746854424509
"GSM1345278",39.6,39.4741026851095
"GSM1345279",71.8,62.3986230709897
"GSM1345280",68.4,71.0492257491555
"GSM1345281",50.4,52.0484783514635
"GSM1345282",45.2,44.9499560283678
"GSM1345283",60.7,58.4445750590168
"GSM1345284",65.8,69.3816726148587
"GSM1345285",35.1,38.5042466294804
"GSM1345286",71.8,69.1657263045069
"GSM1345287",64.7,60.8807761278767
"GSM1345288",55.4,55.3336777324357
"GSM1345289",48.9,47.3385304515427
"GSM1345290",53.5,54.09801780368
"GSM1345291",42.8,41.7673651568106
"GSM1345292",56,51.1925231392861
"GSM1345293",45.9,47.1985030615073
"GSM1345294",40.1,46.2846353428725
"GSM1345295",41.4,42.2095654504549
"GSM1345296",35.3,34.0265588065549
"GSM1345297",38.1,36.7612034773763
"GSM1345298",46.3,50.7589260833573
"GSM1345299",57.3,61.671230014097
"GSM1345300",39.9,38.3369089419786
"GSM1345301",51.8,52.9085685194322
"GSM1345302",36.7,40.0178023699309
"GSM1345303",38.6,40.3818609454487
"GSM1345304",50.5,57.7846084599345
"GSM1345305",56.7,53.0272429747524
"GSM1345306",44.1,46.993108802485
"GSM1345307",37.1,47.2875209267975
"GSM1345308",39.6,39.7279521561485
"GSM1345309",45.4,46.5158715192082
"GSM1345310",59.1,58.2648686024325
"GSM1345311",50.2,48.2341125877757
"GSM1345312",59.4,60.1064363720343
"GSM1345313",48.6,56.5469980632747
"GSM1345314",38.9,36.5625551816314
"GSM1345315",56.7,52.7673915837237
"GSM1345316",61.1,60.8377687177576
"GSM1345317",39,44.7963601313892
"GSM1345318",50.1,49.8726512399293
"GSM1345319",53.5,54.3276607746524
"GSM1345320",71.3,71.0846333620375
"GSM1345321",53.6,52.9946147976577
"GSM1345322",64.4,63.3430944932178
"GSM1345323",69.2,60.8135566215028
"GSM1345324",39,41.4564286117794
"GSM1345325",57.7,55.7676371143868
"GSM1345326",47.1,48.9051281195284
"GSM1345327",35.1,37.6166916146344
"GSM1345328",50,50.1608064796245
"GSM1345329",47.6,49.8639711401303
"GSM1345330",43.5,42.0597312382395
"GSM1345331",53.2,54.0698367529361
"GSM1345332",41.9,39.5838335588102
"GSM1345333",41.1,44.5260226431115
"GSM1345334",56.9,59.4629671891796
"GSM1345335",51.6,55.2474041715062
"GSM1345336",46.2,51.0653038236575
"GSM1345337",53,53.223124938362
"GSM1345338",57.3,61.9552133954444
"GSM1345339",70.9,63.3618952361504
"GSM1345340",67.3,58.5994245698562
"GSM1345341",68.8,64.7163067396408
"GSM1345342",47.7,47.5771472782466
"GSM1345343",52.1,47.8332156493535
"GSM1345344",61.3,66.9480300067105
"GSM1345345",61.6,58.1000968749156
"GSM1345346",44.7,64.6041147792569
"GSM1345347",53.1,59.1434735008158
"GSM1345348",50.8,48.4010156102069
"GSM1345349",62,55.3269538604235
"GSM1345350",47.8,48.0134266644057
"GSM1345351",60,55.6918598593252
"GSM1345352",35.6,38.9018249486192
"GSM1345353",61.6,58.1690877066798
"GSM1345354",65.1,63.8353466949439
"GSM1345355",50.4,50.1433543057199
"GSM1345356",56.7,59.5288995596008
"GSM1345357",71.4,68.9123307312766
"GSM1345358",35.2,40.7446476356319
"GSM1345359",69.2,57.3023537286691
"GSM1345360",60,57.7977255961595
"GSM1345361",40.4,38.7699517869864
"GSM1345362",53.3,54.5365599518377
"GSM1345363",35.2,34.3176926787467
"GSM1345364",51.4,53.0608260777792
"GSM1345365",50.9,51.3909267707241
"GSM1345366",50.5,48.6459736877405
"GSM1345367",48.4,51.5530265823143
"GSM1345368",49.3,48.0512371092923
"GSM1345369",72.7,68.2453450741184
"GSM1345370",73.7,66.6686437136057
"GSM1345371",46.4,46.1545174063149
"GSM1345372",71.7,65.9655499726838
"GSM1345373",74.4,66.7272429569608
"GSM1345374",38.7,48.3569669806276
"GSM1345375",61.7,58.3002074805603
"GSM1345376",51.2,54.3031023727223
"GSM1345377",60.8,59.2771695334479
"GSM1345378",52,55.5421782895493
"GSM1345379",44.9,49.0470853900837
"GSM1345380",44.3,43.3416628383038
"GSM1345381",62.2,55.5081741274285
"GSM1345382",41.9,46.4248662057111
"GSM1345383",36.8,38.4532385672846
"GSM1345384",47.3,41.0956553604735
"GSM1345385",62.4,58.6623309052206
"GSM1345386",45,43.4922632922055
"GSM1345387",45.8,43.049842650586
"GSM1345388",39.5,39.4439483186889
"GSM1345389",59.2,57.1176166170256
"GSM1345390",47.5,47.731126499299
"GSM1345391",41.5,39.1737422565239
"GSM1345392",48.1,51.2873643933553
"GSM1345393",46.2,49.2020821944131
"GSM1345394",46.5,46.2081914833793
"GSM1345395",43.9,46.1304461434847
"GSM1345396",50.9,49.1427016973633
"GSM1345397",50.2,57.016960236773
"GSM1345398",49.7,51.4889298330946
"GSM1345399",35.1,43.6111481565942
"GSM1345400",38.7,42.7844289192769
"GSM1345401",40.6,37.0528924266189
"GSM1345402",44.9,42.2290854752136
"GSM1345403",51.4,43.9285312245776
"GSM1345404",50.3,48.1265904044833
"GSM1345405",50.8,48.0571248667062
"GSM1345406",44.9,50.1663357842518
"GSM1345407",54.2,53.7711622217773
"GSM1345408",36.2,37.5229686932906
"GSM1345409",38.6,46.0762500196552
"GSM1345410",45.2,43.1152522897423
"GSM1345411",57.6,61.2295556017945
"GSM1345412",59.7,55.3946305877691
"GSM1345413",51,48.5862200567714
"GSM1345414",59.6,62.7401120581349
"GSM1345415",60.1,64.3798066024401
"GSM1345416",55.9,53.4447712824413
"GSM1345417",50.8,53.4993596914044
"GSM1345418",49.4,51.7216397363836
"GSM1345419",54.7,49.7475730037696
"GSM1345420",50.4,49.0196746767755
"GSM1345421",43.9,47.6797648186716
"GSM1345422",46.7,53.7788981700721
"GSM1345423",65.4,63.2413929034834
"GSM1345424",51.2,49.9076160509262
"GSM1345425",37.7,39.2668663043736
"GSM1345426",39.5,43.5244924006325
"GSM1345427",45.5,55.5123174239494
"GSM1345428",66.5,65.7300973345568
"GSM1345429",50,49.7814398286532
"GSM1345430",41.2,46.5908894111997
"GSM1345431",47.9,52.7448495952587
"GSM1345432",42,44.2218914132849
"GSM1345433",48.9,45.7825264501197
"GSM1345434",55.1,52.748482989901
"GSM1345435",56.9,57.1493468995723
"GSM1345436",43.5,43.8543599468832
"GSM1345437",43.5,46.4037390645228
"GSM1345438",35.5,32.2057249458133
"GSM1345439",44,53.9812360442362
"GSM1345440",51.5,51.5067737727167
"GSM1345441",40.6,48.2056122579447
"GSM1345442",45.7,48.0455400652847
"GSM1345443",55.5,57.8027195182377
"GSM1345444",55.2,56.5273198662655
"GSM1345445",35.2,34.8119621992624
"GSM1345446",74.1,70.6076060410445
"GSM1345447",49.4,48.3347774233843
"GSM1345448",66.6,63.2641735845864
"GSM1345449",57.2,50.8970752801328
"GSM1345450",47,50.974898066562
"GSM1345451",56.3,57.128539778939
"GSM1345452",47,45.2665614396795
"GSM1345453",71.9,63.2098081764407
"GSM1345454",51.5,49.7102045926586
"GSM1345455",45.4,46.6476437558227
"GSM1345456",64.9,65.3659991228509
"GSM1345457",40.3,39.7447974346044
"GSM1345458",65.7,63.0477927714105
"GSM1345459",35.4,32.9842889502612
"GSM1345460",46.2,43.3512028918419
"GSM1345461",47.9,49.2443310109198
"GSM1345462",49.4,52.0215188869103
"GSM1345463",44.9,44.2454791396405
"GSM1345464",38.2,44.4453504921448
"GSM1345465",54.6,53.4464372311272
"GSM1345466",43.3,41.975990694429
"GSM1345467",36.1,38.7865233154204
"GSM1345468",41.4,35.1420533284868
"GSM1345469",72.2,70.7414977508249
"GSM1345470",35.3,35.3719505119868
"GSM1345471",63.9,58.2767656965091
"GSM1345472",53.3,51.1879373205887
"GSM1345473",35.9,33.2353171977416
"GSM1345474",43.4,47.3756468110033
"GSM1345475",42.3,42.4361136471222
"GSM1345476",46.1,44.7474123508008
"GSM1345477",50.2,48.9370172671694
"GSM1345478",48.7,49.5456506595287
"GSM1345479",66,61.2185114613299
"GSM1345480",39.8,39.0866708338971
"GSM1345481",54.8,52.3749023993535
"GSM1345482",35.2,38.8409725407902
"GSM1345483",47.8,46.2858010877024
"GSM1345484",42.2,40.9242439089964
"GSM1345485",39,40.2022620279569
"GSM1345486",52.1,58.1043953789295
"GSM1345487",45.8,44.1654834665234
"GSM1345488",64.6,65.6226492605168
"GSM1345489",53.9,56.3902384961272
"GSM1345490",68.5,61.8166019865594
"GSM1345491",69.5,66.7788727066249
"GSM1345492",69.3,66.0659605193771
"GSM1345493",63.9,50.8636507183467
"GSM1345494",41.4,40.9259896899223
"GSM1345495",65,61.9303362027722
"GSM1345496",56.3,57.0250266320579
"GSM1345497",74,72.9566082109753
"GSM1345498",63.7,62.7984519693826
"GSM1345499",47.6,49.7775662211113
"GSM1345500",47.5,53.890708321342
"GSM1345501",68.6,60.3699033378321
"GSM1345502",46.1,47.8292160968485
"GSM1345503",45.9,54.171242225552
"GSM1345504",56.5,57.4509470471964
"GSM1345505",63.9,62.439490584611
"GSM1345506",43.2,43.6279787893065
"GSM1345507",57.5,55.0501201487279
"GSM1345508",37.8,38.8416429406407
"GSM1345509",46.7,56.4402559716989
"GSM1345510",54.5,56.3017187528169
"GSM1345511",37,42.1351361356671
"GSM1345512",55.3,57.0459106474726
"GSM1345513",44.8,52.8875110152454
"GSM1345514",51.9,56.3312555143497
"GSM1345515",57.3,56.1447458619176
"GSM1345516",50.3,56.1420718506131
"GSM1345517",42.7,42.3041073426384
"GSM1345518",46.2,46.5582706242948
"GSM1345519",56.3,54.4469117995719
"GSM1345520",54.2,52.830039421134
"GSM1345521",61.9,57.0811903788349
"GSM1345522",36.8,38.7677559860639
"GSM1345523",60.4,57.0319205511394
"GSM1345524",51,49.7401727118728
"GSM1345525",65.7,63.92411380481
"GSM1345526",69.1,68.729515584817
"GSM1345527",45.1,48.3760008177996
"GSM1345528",55.2,51.7193004474304
"GSM1345529",53.3,50.4048629456468
"GSM1345530",49.4,53.6607322776665
"GSM1345531",63,62.2988874176169
"GSM1345532",35.1,43.102404293304
"GSM1345533",42.5,41.6647412576971
"GSM1345534",61.2,59.2704834167315
"GSM1345535",50.2,51.1155485570589
"GSM1345536",50.3,47.0156689225317
"GSM1345537",41.1,43.7484991058043
"GSM1345538",72.8,65.6636258591309
"GSM1345539",58.6,53.4730094447754
"GSM1345540",42.8,44.7185659548399
"GSM1345541",59.7,62.1011024693553
"GSM1345542",42.4,43.1659204515769
"GSM1345543",55.1,49.9357291654706
"GSM1345544",53,53.3494467808108
"GSM1345545",66.7,69.770211582847
"GSM1345546",56.6,59.2052115274917
"GSM1345547",47.3,42.0756585594928
"GSM1345548",57.8,60.2433634503899
"GSM1345549",41.3,39.2564280550954
"GSM1345550",51.8,51.5807363602967
"GSM1345551",64.6,64.2648455466739
"GSM1345552",51.6,48.9612905789099
"GSM1345553",55.1,53.8327524371835
"GSM1345554",50.9,50.9101509810266
"GSM1345555",42.3,43.0981995125447
"GSM1345556",65.6,61.6261763569738
"GSM1345557",41.7,41.6294412447522
"GSM1345558",73.1,65.5724456577046
"GSM1345559",67,61.8450703970441
"GSM1345560",73.2,65.2896206272434
"GSM1345561",58,57.6439355712823
"GSM1345562",49.3,51.8665753699972
"GSM1345563",57.4,56.0866180863525
"GSM1345564",68.3,68.1848627200442
"GSM1345565",47.1,45.4553859314986
"GSM1345566",41.5,49.5044615313644
"GSM1345567",47,44.5457833278123
"GSM1345568",39.6,43.4714489740131
"GSM1345569",47.8,51.8465715200471
"GSM1345570",42.1,40.3825081540491
"GSM1345571",35.1,37.4737702222633
"GSM1345572",35.1,41.3852327414923
"GSM1345573",50.2,53.6370274011737
"GSM1345574",39.8,41.9825392725441
"GSM1345575",51.8,56.3815092787861
"GSM1345576",43.5,40.893905179988
"GSM1345577",49.5,47.2821471380393
"GSM1345578",63.4,60.610899683702
"GSM1345579",35.1,34.7006970146646
"GSM1345580",58.8,51.0014055148369
"GSM1345581",35.4,46.5346277062575
"GSM1345582",39.4,40.1632009107361
"GSM1345583",46.7,47.2593075724289
"GSM1345584",41.7,44.7564350140406
"GSM1345585",60.2,60.0421070757721
"GSM1345586",49.5,40.3788719788324
"GSM1345587",36.4,41.3386448893129
"GSM1345588",57.4,57.0921738329574
"GSM1345589",46.6,48.7359503206298
"GSM1345590",67.1,64.4550312904646
"GSM1345591",49.2,47.6364608874351
"GSM1345592",67.2,58.2281771823191
"GSM1345593",40,44.2662895231774
"GSM1345594",59.6,60.096229538076
"GSM1345595",38.9,35.209543907841
"GSM1345596",50.2,47.2718960416661
"GSM1345597",37.4,39.5887165386177
"GSM1345598",35.3,42.2545595739822
"GSM1345599",54.3,57.0131803806014
"GSM1345600",51.1,45.8797995239178
"GSM1345601",42.6,42.9551240207357
"GSM1345602",49.5,46.133410804023
"GSM1345603",41.5,40.8331918610986
"GSM1345604",44.7,42.2958210052855
"GSM1345605",50.6,50.4405758499347
"GSM1345606",35.5,35.0376352052478
"GSM1345607",36.6,38.5007600127046
"GSM1345608",53.6,51.8671002355745
"GSM1345609",50.9,49.7763937284454
"GSM1345610",49.4,48.9275827593503
"GSM1345611",57.3,62.1964464596317
"GSM1345612",65.5,67.5907594141391
"GSM1345613",55.4,48.4937589653031
"GSM1345614",58.2,52.7189877455632
"GSM1345615",69.2,70.1885883124784
"GSM1345616",42.5,42.8147045624283
"GSM1345617",47.6,47.821849190176
"GSM1345618",46.8,46.8811666320428
"GSM1345619",55.7,54.4947017017987
"GSM1345620",54.3,55.7858892385785
"GSM1345621",60.8,60.3254100393961
"GSM1345622",50.3,53.153269337388
"GSM1345623",35.2,37.7069662456616
"GSM1345624",71.1,68.9074363377246
"GSM1345625",42.4,41.2071078252674
"GSM1345626",60.6,54.9851751169001
"GSM1345627",47.8,49.8065712572019
"GSM1345628",51.2,60.2856029307737
"GSM1345629",65.3,59.5407018954536
"GSM1345630",44,47.9851583497074
"GSM1345631",57.3,55.8907574461877
"GSM1345632",70.4,76.2623168154755
"GSM1345633",54.9,53.9968667599905
"GSM1345634",47.1,50.8369576092838
"GSM1345635",43.2,45.3053999269061
"GSM1345636",48.5,54.7758961240833
"GSM1345637",38.3,43.18663752639
"GSM1345638",36.2,37.855959884106
"GSM1345639",72.2,65.9915897956581
"GSM1345640",62.3,64.2029708876718
"GSM1345641",60.9,57.682144230268
"GSM1345642",49.9,51.9682851947099
"GSM1345643",42.4,47.0460915671421
"GSM1345644",38.5,43.9074589659926
"GSM1345645",61.1,54.3324682126794
"GSM1345646",45.8,48.3262088256396
"GSM1345647",50,52.9277479976955
"GSM1345648",46.7,40.1680006484211
"GSM1345649",48.6,50.9888347417057
"GSM1345650",42.2,46.1369963728505
"GSM1345651",61.7,50.7022625168673
"GSM1345652",50.3,51.4516946347792
"GSM1345653",53.2,48.0929578656529
"GSM1345654",51.8,56.5994270902217
"GSM1345655",51.6,57.124836221103
"GSM1345656",43.4,50.2018056921141
"GSM1345657",37.9,39.7710569166508
"GSM1345658",47.1,49.7949726431388
"GSM1345659",62.9,61.8911891925544
"GSM1345660",53.3,46.2265506667848
"GSM1345661",38.6,40.2250097282138
"GSM1345662",36.5,39.5860267976829
"GSM1345663",50.6,52.5820010802725
"GSM1345664",51.6,50.0025328067077
"GSM1345665",39.6,41.6630727456541
"GSM1345666",58.5,56.0898806122597
"GSM1345667",55.1,54.1189707021831
"GSM1345668",50.2,51.0577964378116
"GSM1345669",64.1,62.0645307826688
"GSM1345670",55.5,48.1445739537205
"GSM1345671",36.8,39.4060913851448
"GSM1345672",46.8,49.0537475037273
"GSM1345673",50.4,52.6381252911397
"GSM1345674",52.6,49.1346755439295
"GSM1345675",46.7,43.9674161846906
"GSM1345676",49.2,46.7572817824378
"GSM1345677",51.4,50.2258184343829
"GSM1345678",53.7,45.2624997879115
"GSM1345679",55.2,50.9907263372869
"GSM1345680",45.7,48.776042592274
"GSM1345681",40.1,31.3281105264998
"GSM1345682",44.4,44.6228756550214
"GSM1345683",37.3,45.3266581485513
"GSM1345684",40.9,40.2417436405603
"GSM1345685",54.3,48.4436319902959
"GSM1345686",47.9,44.4663292565882
"GSM1345687",58.3,56.0738730740583
"GSM1345688",35.4,40.6563649358211
"GSM1345689",45,41.8014370880239
"GSM1345690",39.5,36.1857409873283
"GSM1345691",52.4,54.8848659803342
"GSM1345692",51.9,56.4595172090064
"GSM1345693",46.1,51.3007152417815
"GSM1345694",44.7,48.2627086304335
"GSM1345695",70.1,67.0432539975189
"GSM1345696",45.3,48.3756007264309
"GSM1345697",62.5,60.3920998781555
"GSM1345698",58.5,60.611496897316
"GSM1345699",46.9,53.2590952543386
"GSM1345700",37.2,37.2734295233526
"GSM1345701",40.7,44.0658911575249
"GSM1345702",35.1,32.3711348481731
"GSM1345703",53,57.6614864673735
"GSM1345704",55.5,54.3392563477089
"GSM1345705",46.2,44.8876650217794
"GSM1345706",46.8,51.896392063839
"GSM1345707",62.5,62.7162244910322
"GSM1345708",43.8,49.0917988780207
"GSM1345709",44.8,46.2882348738478
"GSM1345710",59.7,60.9723264750239
"GSM1345711",52.1,52.8630698729639
"GSM1345712",65.4,58.9966601756204
"GSM1345713",35.1,39.4019642997444
"GSM1345714",47.3,48.4274337143392
"GSM1345715",42.9,45.3714759639103
"GSM1345716",42.1,41.8540537384807
"GSM1345717",47.9,47.2998731286208
"GSM1345718",48.6,45.0929983830505
"GSM1345719",51.6,62.8832370539709
"GSM1345720",35.3,41.3454273584876
"GSM1345721",36.6,38.6104876425507
"GSM1345722",43.6,50.1698244031149
"GSM1345723",44.9,49.7176614276769
"GSM1345724",46.9,43.5177230645381
"GSM1345725",44.1,42.981048559717
"GSM1345726",62.3,64.6265498076928
"GSM1345727",41.3,49.5080775314502
"GSM1345728",37.7,42.3236209543777
"GSM1345729",39.6,39.4737343143313
"GSM1345730",54.1,62.1214898188619
"GSM1345731",35.2,37.6890000039165
"GSM1345732",48.8,46.6632946892716
"GSM1345733",67.1,60.9474400432974
"GSM1345734",54.2,56.935727080496
"GSM1345735",38.2,40.5330447653183
"GSM1345736",58.3,54.880846020266
"GSM1345737",44.8,44.313544120067
"GSM1345738",60.8,58.8830909061734
"GSM1345739",45.1,44.830918299808
"GSM1345740",56,53.2339229601234
"GSM1345741",48,50.9393220457788
"GSM1345742",45.5,47.688904689766
"GSM1345743",39.3,41.6898065355165
"GSM1345744",49.5,58.8791598756494
"GSM1345745",61.5,58.9144209904729
"GSM1345746",47.7,49.0790417277175
"GSM1345747",50.5,51.8531315889389
"GSM1345748",63.9,63.2064222150136
"GSM1345749",37.9,43.3669027304597
"GSM1345750",35.2,37.7330044662265
"GSM1345751",35.5,35.4861463226867
"GSM1345752",35.9,38.8728983511075
"GSM1345753",51.3,53.8211854421986
"GSM1345754",45.3,45.5116619440177
"GSM1345755",50.6,57.6414800381039
"GSM1345756",52.7,59.5719248369755
"GSM1345757",44.3,43.9128064737491
"GSM1345758",46.4,48.5036713963162
"GSM1345759",39.5,48.4300342196086
"GSM1345760",52.5,52.1957036206213
