"Array_ID","GSM_ID"
"7786915023_R02C02","GSM1343050"
"7786915135_R04C02","GSM1343051"
"7471147149_R06C01","GSM1343052"
"7786915035_R05C01","GSM1343053"
"7786923035_R01C01","GSM1343054"
"7471147072_R01C02","GSM1343055"
"7471147107_R05C02","GSM1343056"
"7786923028_R05C02","GSM1343057"
"7512560087_R03C01","GSM1343058"
"7786923066_R01C01","GSM1343059"
"7786923023_R02C01","GSM1343060"
"7471147145_R06C01","GSM1343061"
"7796814020_R04C02","GSM1343062"
"7471147067_R02C02","GSM1343063"
"7786915052_R01C01","GSM1343064"
"7786923050_R03C01","GSM1343065"
"7471147069_R02C02","GSM1343066"
"7786923038_R03C02","GSM1343067"
"7507875153_R03C02","GSM1343068"
"7471147034_R03C01","GSM1343069"
"7471147081_R06C01","GSM1343070"
"7786923028_R03C01","GSM1343071"
"7786923001_R06C01","GSM1343072"
"7471147089_R06C01","GSM1343073"
"7786915048_R04C01","GSM1343074"
"7471147134_R02C01","GSM1343075"
"7786915153_R05C01","GSM1343076"
"7507875154_R05C01","GSM1343077"
"7786915105_R02C01","GSM1343078"
"7786923077_R04C01","GSM1343079"
"7786923067_R06C01","GSM1343080"
"7786915047_R02C02","GSM1343081"
"7471147022_R02C02","GSM1343082"
"7786915116_R06C02","GSM1343083"
"7786915075_R05C01","GSM1343084"
"7786915069_R03C01","GSM1343085"
"7512551008_R01C02","GSM1343086"
"7512560138_R03C01","GSM1343087"
"7512551008_R01C01","GSM1343088"
"7512578059_R01C02","GSM1343089"
"7512578059_R03C02","GSM1343090"
"7512551008_R03C02","GSM1343091"
"7786915157_R06C01","GSM1343092"
"7512551008_R06C01","GSM1343093"
"7786915157_R01C01","GSM1343094"
"7512578059_R06C02","GSM1343095"
"7512551008_R03C01","GSM1343096"
"7786915157_R01C02","GSM1343097"
"7512551008_R02C01","GSM1343098"
"7512551008_R06C02","GSM1343099"
"7786915157_R02C02","GSM1343100"
"7786915157_R04C01","GSM1343101"
"7786915157_R03C02","GSM1343102"
"7512578059_R04C02","GSM1343103"
"7512551008_R02C02","GSM1343104"
"7786915157_R06C02","GSM1343105"
"7512551008_R04C01","GSM1343106"
"7512551008_R05C02","GSM1343107"
"7512560138_R02C01","GSM1343108"
"7512560138_R05C01","GSM1343109"
"7786915157_R05C01","GSM1343110"
"7512560138_R04C01","GSM1343111"
"7786915157_R02C01","GSM1343112"
"7786915157_R05C02","GSM1343113"
"7512578059_R05C02","GSM1343114"
"7512551008_R04C02","GSM1343115"
"7512560138_R06C01","GSM1343116"
"7786915157_R03C01","GSM1343117"
"7786915157_R04C02","GSM1343118"
"7512578059_R02C02","GSM1343119"
"7512560138_R01C01","GSM1343120"
"7512551008_R05C01","GSM1343121"
"7471147002_R01C01","GSM1343122"
"7471147002_R01C02","GSM1343123"
"7471147002_R02C01","GSM1343124"
"7471147002_R02C02","GSM1343125"
"7471147002_R03C01","GSM1343126"
"7471147002_R03C02","GSM1343127"
"7471147002_R04C01","GSM1343128"
"7471147002_R04C02","GSM1343129"
"7471147002_R05C01","GSM1343130"
"7471147002_R05C02","GSM1343131"
"7471147002_R06C02","GSM1343132"
"7471147003_R01C02","GSM1343133"
"7471147003_R02C01","GSM1343134"
"7471147003_R02C02","GSM1343135"
"7471147003_R03C01","GSM1343136"
"7471147003_R03C02","GSM1343137"
"7471147003_R04C02","GSM1343138"
"7471147003_R05C01","GSM1343139"
"7471147003_R05C02","GSM1343140"
"7471147003_R06C01","GSM1343141"
"7471147003_R06C02","GSM1343142"
"7471147004_R01C01","GSM1343143"
"7471147004_R02C01","GSM1343144"
"7471147004_R03C01","GSM1343145"
"7471147004_R03C02","GSM1343146"
"7471147004_R04C01","GSM1343147"
"7471147004_R04C02","GSM1343148"
"7471147004_R05C01","GSM1343149"
"7471147004_R05C02","GSM1343150"
"7471147004_R06C01","GSM1343151"
"7471147004_R06C02","GSM1343152"
"7471147006_R01C01","GSM1343153"
"7471147006_R01C02","GSM1343154"
"7471147006_R02C01","GSM1343155"
"7471147006_R02C02","GSM1343156"
"7471147006_R03C01","GSM1343157"
"7471147006_R03C02","GSM1343158"
"7471147006_R04C01","GSM1343159"
"7471147006_R04C02","GSM1343160"
"7471147006_R05C01","GSM1343161"
"7471147006_R05C02","GSM1343162"
"7471147006_R06C01","GSM1343163"
"7471147006_R06C02","GSM1343164"
"7471147012_R01C01","GSM1343165"
"7471147012_R01C02","GSM1343166"
"7471147012_R02C01","GSM1343167"
"7471147012_R02C02","GSM1343168"
"7471147012_R03C01","GSM1343169"
"7471147012_R03C02","GSM1343170"
"7471147012_R04C01","GSM1343171"
"7471147012_R04C02","GSM1343172"
"7471147012_R05C01","GSM1343173"
"7471147012_R05C02","GSM1343174"
"7471147012_R06C01","GSM1343175"
"7471147012_R06C02","GSM1343176"
"7471147024_R01C01","GSM1343177"
"7471147024_R01C02","GSM1343178"
"7471147024_R02C02","GSM1343179"
"7471147024_R03C01","GSM1343180"
"7471147024_R03C02","GSM1343181"
"7471147024_R04C01","GSM1343182"
"7471147024_R04C02","GSM1343183"
"7471147024_R05C01","GSM1343184"
"7471147024_R05C02","GSM1343185"
"7471147024_R06C01","GSM1343186"
"7471147024_R06C02","GSM1343187"
"7471147025_R01C01","GSM1343188"
"7471147025_R01C02","GSM1343189"
"7471147025_R02C01","GSM1343190"
"7471147025_R02C02","GSM1343191"
"7471147025_R03C01","GSM1343192"
"7471147025_R03C02","GSM1343193"
"7471147025_R04C01","GSM1343194"
"7471147025_R04C02","GSM1343195"
"7471147025_R05C02","GSM1343196"
"7471147025_R06C01","GSM1343197"
"7471147025_R06C02","GSM1343198"
"7471147027_R01C01","GSM1343199"
"7471147027_R01C02","GSM1343200"
"7471147027_R02C01","GSM1343201"
"7471147027_R02C02","GSM1343202"
"7471147027_R03C01","GSM1343203"
"7471147027_R03C02","GSM1343204"
"7471147027_R04C01","GSM1343205"
"7471147027_R04C02","GSM1343206"
"7471147027_R05C02","GSM1343207"
"7471147027_R06C01","GSM1343208"
"7471147027_R06C02","GSM1343209"
"7471147030_R01C01","GSM1343210"
"7471147030_R01C02","GSM1343211"
"7471147030_R02C01","GSM1343212"
"7471147030_R02C02","GSM1343213"
"7471147030_R03C01","GSM1343214"
"7471147030_R03C02","GSM1343215"
"7471147030_R04C01","GSM1343216"
"7471147030_R04C02","GSM1343217"
"7471147030_R05C01","GSM1343218"
"7471147030_R05C02","GSM1343219"
"7471147030_R06C01","GSM1343220"
"7471147030_R06C02","GSM1343221"
"7471147034_R01C01","GSM1343222"
"7471147034_R01C02","GSM1343223"
"7471147034_R02C01","GSM1343224"
"7471147034_R02C02","GSM1343225"
"7471147034_R03C02","GSM1343226"
"7471147034_R04C01","GSM1343227"
"7471147034_R04C02","GSM1343228"
"7471147034_R05C01","GSM1343229"
"7471147034_R05C02","GSM1343230"
"7471147034_R06C01","GSM1343231"
"7471147034_R06C02","GSM1343232"
"7471147036_R01C02","GSM1343233"
"7471147036_R02C01","GSM1343234"
"7471147036_R02C02","GSM1343235"
"7471147036_R03C01","GSM1343236"
"7471147036_R03C02","GSM1343237"
"7471147036_R04C01","GSM1343238"
"7471147036_R04C02","GSM1343239"
"7471147036_R05C01","GSM1343240"
"7471147036_R05C02","GSM1343241"
"7471147036_R06C01","GSM1343242"
"7471147036_R06C02","GSM1343243"
"7471147040_R01C01","GSM1343244"
"7471147040_R01C02","GSM1343245"
"7471147040_R02C01","GSM1343246"
"7471147040_R02C02","GSM1343247"
"7471147040_R03C01","GSM1343248"
"7471147040_R03C02","GSM1343249"
"7471147040_R04C01","GSM1343250"
"7471147040_R04C02","GSM1343251"
"7471147040_R05C01","GSM1343252"
"7471147040_R05C02","GSM1343253"
"7471147040_R06C01","GSM1343254"
"7471147040_R06C02","GSM1343255"
"7471147041_R01C01","GSM1343256"
"7471147041_R01C02","GSM1343257"
"7471147041_R02C01","GSM1343258"
"7471147041_R02C02","GSM1343259"
"7471147041_R03C01","GSM1343260"
"7471147041_R03C02","GSM1343261"
"7471147041_R04C02","GSM1343262"
"7471147041_R05C01","GSM1343263"
"7471147041_R05C02","GSM1343264"
"7471147041_R06C01","GSM1343265"
"7471147041_R06C02","GSM1343266"
"7471147047_R01C02","GSM1343267"
"7471147047_R02C01","GSM1343268"
"7471147047_R02C02","GSM1343269"
"7471147047_R03C01","GSM1343270"
"7471147047_R03C02","GSM1343271"
"7471147047_R04C01","GSM1343272"
"7471147047_R04C02","GSM1343273"
"7471147047_R05C01","GSM1343274"
"7471147047_R05C02","GSM1343275"
"7471147047_R06C01","GSM1343276"
"7471147047_R06C02","GSM1343277"
"7471147049_R01C01","GSM1343278"
"7471147049_R01C02","GSM1343279"
"7471147049_R02C01","GSM1343280"
"7471147049_R02C02","GSM1343281"
"7471147049_R03C01","GSM1343282"
"7471147049_R03C02","GSM1343283"
"7471147049_R04C01","GSM1343284"
"7471147049_R04C02","GSM1343285"
"7471147049_R06C01","GSM1343286"
"7471147049_R06C02","GSM1343287"
"7471147055_R01C01","GSM1343288"
"7471147055_R01C02","GSM1343289"
"7471147055_R02C01","GSM1343290"
"7471147055_R02C02","GSM1343291"
"7471147055_R03C01","GSM1343292"
"7471147055_R03C02","GSM1343293"
"7471147055_R04C01","GSM1343294"
"7471147055_R04C02","GSM1343295"
"7471147055_R05C01","GSM1343296"
"7471147055_R05C02","GSM1343297"
"7471147055_R06C01","GSM1343298"
"7471147055_R06C02","GSM1343299"
"7471147057_R01C02","GSM1343300"
"7471147057_R02C01","GSM1343301"
"7471147057_R02C02","GSM1343302"
"7471147057_R03C02","GSM1343303"
"7471147057_R04C01","GSM1343304"
"7471147057_R04C02","GSM1343305"
"7471147057_R05C01","GSM1343306"
"7471147057_R05C02","GSM1343307"
"7471147057_R06C01","GSM1343308"
"7471147058_R03C02","GSM1343309"
"7471147058_R04C01","GSM1343310"
"7471147058_R06C01","GSM1343311"
"7471147059_R01C01","GSM1343312"
"7471147059_R01C02","GSM1343313"
"7471147059_R02C01","GSM1343314"
"7471147059_R02C02","GSM1343315"
"7471147059_R03C01","GSM1343316"
"7471147059_R03C02","GSM1343317"
"7471147059_R04C01","GSM1343318"
"7471147059_R04C02","GSM1343319"
"7471147059_R05C01","GSM1343320"
"7471147059_R05C02","GSM1343321"
"7471147059_R06C01","GSM1343322"
"7471147059_R06C02","GSM1343323"
"7471147061_R01C01","GSM1343324"
"7471147061_R01C02","GSM1343325"
"7471147061_R02C01","GSM1343326"
"7471147061_R02C02","GSM1343327"
"7471147061_R03C01","GSM1343328"
"7471147061_R03C02","GSM1343329"
"7471147061_R04C01","GSM1343330"
"7471147061_R04C02","GSM1343331"
"7471147061_R05C01","GSM1343332"
"7471147061_R05C02","GSM1343333"
"7471147061_R06C01","GSM1343334"
"7471147061_R06C02","GSM1343335"
"7471147062_R01C01","GSM1343336"
"7471147062_R01C02","GSM1343337"
"7471147062_R02C01","GSM1343338"
"7471147062_R02C02","GSM1343339"
"7471147062_R03C01","GSM1343340"
"7471147062_R03C02","GSM1343341"
"7471147062_R04C01","GSM1343342"
"7471147062_R04C02","GSM1343343"
"7471147062_R05C01","GSM1343344"
"7471147062_R05C02","GSM1343345"
"7471147062_R06C01","GSM1343346"
"7471147062_R06C02","GSM1343347"
"7471147064_R01C01","GSM1343348"
"7471147064_R01C02","GSM1343349"
"7471147064_R02C01","GSM1343350"
"7471147064_R02C02","GSM1343351"
"7471147064_R03C01","GSM1343352"
"7471147064_R03C02","GSM1343353"
"7471147064_R04C01","GSM1343354"
"7471147064_R04C02","GSM1343355"
"7471147064_R05C01","GSM1343356"
"7471147064_R05C02","GSM1343357"
"7471147064_R06C01","GSM1343358"
"7471147064_R06C02","GSM1343359"
"7471147065_R01C01","GSM1343360"
"7471147065_R01C02","GSM1343361"
"7471147065_R02C01","GSM1343362"
"7471147065_R02C02","GSM1343363"
"7471147065_R03C01","GSM1343364"
"7471147065_R03C02","GSM1343365"
"7471147065_R04C01","GSM1343366"
"7471147065_R04C02","GSM1343367"
"7471147065_R05C01","GSM1343368"
"7471147065_R05C02","GSM1343369"
"7471147065_R06C01","GSM1343370"
"7471147065_R06C02","GSM1343371"
"7471147067_R01C01","GSM1343372"
"7471147067_R01C02","GSM1343373"
"7471147067_R02C01","GSM1343374"
"7471147067_R03C01","GSM1343375"
"7471147067_R03C02","GSM1343376"
"7471147067_R04C01","GSM1343377"
"7471147067_R04C02","GSM1343378"
"7471147067_R05C01","GSM1343379"
"7471147067_R05C02","GSM1343380"
"7471147067_R06C01","GSM1343381"
"7471147067_R06C02","GSM1343382"
"7471147068_R01C01","GSM1343383"
"7471147068_R01C02","GSM1343384"
"7471147068_R02C01","GSM1343385"
"7471147068_R02C02","GSM1343386"
"7471147068_R03C01","GSM1343387"
"7471147068_R03C02","GSM1343388"
"7471147068_R04C01","GSM1343389"
"7471147068_R05C01","GSM1343390"
"7471147068_R05C02","GSM1343391"
"7471147068_R06C01","GSM1343392"
"7471147068_R06C02","GSM1343393"
"7471147069_R01C01","GSM1343394"
"7471147069_R01C02","GSM1343395"
"7471147069_R02C01","GSM1343396"
"7471147069_R03C01","GSM1343397"
"7471147069_R04C01","GSM1343398"
"7471147069_R04C02","GSM1343399"
"7471147069_R05C02","GSM1343400"
"7471147069_R06C02","GSM1343401"
"7471147070_R01C01","GSM1343402"
"7471147070_R01C02","GSM1343403"
"7471147070_R02C01","GSM1343404"
"7471147070_R02C02","GSM1343405"
"7471147070_R03C01","GSM1343406"
"7471147070_R03C02","GSM1343407"
"7471147070_R04C01","GSM1343408"
"7471147070_R04C02","GSM1343409"
"7471147070_R05C01","GSM1343410"
"7471147070_R05C02","GSM1343411"
"7471147070_R06C01","GSM1343412"
"7471147070_R06C02","GSM1343413"
"7471147071_R01C01","GSM1343414"
"7471147071_R01C02","GSM1343415"
"7471147071_R02C01","GSM1343416"
"7471147071_R03C01","GSM1343417"
"7471147071_R03C02","GSM1343418"
"7471147071_R04C02","GSM1343419"
"7471147071_R06C02","GSM1343420"
"7471147072_R01C01","GSM1343421"
"7471147072_R02C01","GSM1343422"
"7471147072_R02C02","GSM1343423"
"7471147072_R03C01","GSM1343424"
"7471147072_R03C02","GSM1343425"
"7471147072_R04C01","GSM1343426"
"7471147072_R05C01","GSM1343427"
"7471147072_R05C02","GSM1343428"
"7471147072_R06C01","GSM1343429"
"7471147072_R06C02","GSM1343430"
"7471147074_R01C01","GSM1343431"
"7471147074_R01C02","GSM1343432"
"7471147074_R02C01","GSM1343433"
"7471147074_R03C01","GSM1343434"
"7471147074_R03C02","GSM1343435"
"7471147074_R04C01","GSM1343436"
"7471147074_R04C02","GSM1343437"
"7471147074_R05C01","GSM1343438"
"7471147074_R06C01","GSM1343439"
"7471147074_R06C02","GSM1343440"
"7471147075_R01C01","GSM1343441"
"7471147075_R02C01","GSM1343442"
"7471147075_R02C02","GSM1343443"
"7471147075_R03C01","GSM1343444"
"7471147075_R03C02","GSM1343445"
"7471147075_R04C01","GSM1343446"
"7471147075_R05C02","GSM1343447"
"7471147075_R06C01","GSM1343448"
"7471147075_R06C02","GSM1343449"
"7471147077_R01C01","GSM1343450"
"7471147077_R01C02","GSM1343451"
"7471147077_R02C01","GSM1343452"
"7471147077_R02C02","GSM1343453"
"7471147077_R03C01","GSM1343454"
"7471147077_R03C02","GSM1343455"
"7471147077_R04C01","GSM1343456"
"7471147077_R04C02","GSM1343457"
"7471147077_R05C01","GSM1343458"
"7471147077_R05C02","GSM1343459"
"7471147077_R06C01","GSM1343460"
"7471147077_R06C02","GSM1343461"
"7471147078_R01C01","GSM1343462"
"7471147078_R01C02","GSM1343463"
"7471147078_R02C01","GSM1343464"
"7471147078_R02C02","GSM1343465"
"7471147078_R03C01","GSM1343466"
"7471147078_R03C02","GSM1343467"
"7471147078_R04C01","GSM1343468"
"7471147078_R04C02","GSM1343469"
"7471147078_R05C01","GSM1343470"
"7471147078_R05C02","GSM1343471"
"7471147078_R06C01","GSM1343472"
"7471147078_R06C02","GSM1343473"
"7471147079_R01C01","GSM1343474"
"7471147079_R01C02","GSM1343475"
"7471147079_R02C01","GSM1343476"
"7471147079_R02C02","GSM1343477"
"7471147079_R03C01","GSM1343478"
"7471147079_R03C02","GSM1343479"
"7471147079_R04C01","GSM1343480"
"7471147079_R04C02","GSM1343481"
"7471147079_R05C01","GSM1343482"
"7471147079_R05C02","GSM1343483"
"7471147079_R06C01","GSM1343484"
"7471147079_R06C02","GSM1343485"
"7471147081_R01C01","GSM1343486"
"7471147081_R01C02","GSM1343487"
"7471147081_R02C02","GSM1343488"
"7471147081_R03C01","GSM1343489"
"7471147081_R03C02","GSM1343490"
"7471147081_R04C01","GSM1343491"
"7471147081_R04C02","GSM1343492"
"7471147081_R05C01","GSM1343493"
"7471147081_R05C02","GSM1343494"
"7471147081_R06C02","GSM1343495"
"7471147083_R01C01","GSM1343496"
"7471147083_R01C02","GSM1343497"
"7471147083_R02C01","GSM1343498"
"7471147083_R02C02","GSM1343499"
"7471147083_R03C01","GSM1343500"
"7471147083_R03C02","GSM1343501"
"7471147083_R04C01","GSM1343502"
"7471147083_R04C02","GSM1343503"
"7471147083_R05C01","GSM1343504"
"7471147083_R05C02","GSM1343505"
"7471147083_R06C01","GSM1343506"
"7471147083_R06C02","GSM1343507"
"7471147085_R01C01","GSM1343508"
"7471147085_R01C02","GSM1343509"
"7471147085_R02C01","GSM1343510"
"7471147085_R02C02","GSM1343511"
"7471147085_R03C01","GSM1343512"
"7471147085_R03C02","GSM1343513"
"7471147085_R04C01","GSM1343514"
"7471147085_R05C01","GSM1343515"
"7471147085_R05C02","GSM1343516"
"7471147085_R06C01","GSM1343517"
"7471147085_R06C02","GSM1343518"
"7471147087_R01C01","GSM1343519"
"7471147087_R01C02","GSM1343520"
"7471147087_R02C01","GSM1343521"
"7471147087_R02C02","GSM1343522"
"7471147087_R03C01","GSM1343523"
"7471147087_R03C02","GSM1343524"
"7471147087_R04C01","GSM1343525"
"7471147087_R04C02","GSM1343526"
"7471147087_R05C01","GSM1343527"
"7471147087_R06C01","GSM1343528"
"7471147087_R06C02","GSM1343529"
"7471147088_R01C01","GSM1343530"
"7471147088_R01C02","GSM1343531"
"7471147088_R02C01","GSM1343532"
"7471147088_R02C02","GSM1343533"
"7471147088_R03C01","GSM1343534"
"7471147088_R03C02","GSM1343535"
"7471147088_R04C01","GSM1343536"
"7471147088_R04C02","GSM1343537"
"7471147088_R05C01","GSM1343538"
"7471147088_R05C02","GSM1343539"
"7471147088_R06C01","GSM1343540"
"7471147088_R06C02","GSM1343541"
"7471147089_R01C01","GSM1343542"
"7471147089_R01C02","GSM1343543"
"7471147089_R02C01","GSM1343544"
"7471147089_R02C02","GSM1343545"
"7471147089_R03C01","GSM1343546"
"7471147089_R03C02","GSM1343547"
"7471147089_R05C01","GSM1343548"
"7471147089_R05C02","GSM1343549"
"7471147089_R06C02","GSM1343550"
"7471147090_R01C01","GSM1343551"
"7471147090_R01C02","GSM1343552"
"7471147090_R02C02","GSM1343553"
"7471147090_R03C01","GSM1343554"
"7471147090_R03C02","GSM1343555"
"7471147090_R04C01","GSM1343556"
"7471147090_R04C02","GSM1343557"
"7471147090_R05C01","GSM1343558"
"7471147090_R05C02","GSM1343559"
"7471147090_R06C01","GSM1343560"
"7471147090_R06C02","GSM1343561"
"7471147092_R01C01","GSM1343562"
"7471147092_R02C01","GSM1343563"
"7471147092_R02C02","GSM1343564"
"7471147092_R03C01","GSM1343565"
"7471147092_R04C01","GSM1343566"
"7471147092_R04C02","GSM1343567"
"7471147092_R05C01","GSM1343568"
"7471147092_R05C02","GSM1343569"
"7471147092_R06C01","GSM1343570"
"7471147092_R06C02","GSM1343571"
"7471147094_R01C01","GSM1343572"
"7471147094_R01C02","GSM1343573"
"7471147094_R02C01","GSM1343574"
"7471147094_R02C02","GSM1343575"
"7471147094_R03C01","GSM1343576"
"7471147094_R03C02","GSM1343577"
"7471147094_R04C01","GSM1343578"
"7471147094_R04C02","GSM1343579"
"7471147094_R05C02","GSM1343580"
"7471147094_R06C01","GSM1343581"
"7471147094_R06C02","GSM1343582"
"7471147095_R01C01","GSM1343583"
"7471147095_R01C02","GSM1343584"
"7471147095_R02C01","GSM1343585"
"7471147095_R02C02","GSM1343586"
"7471147095_R03C01","GSM1343587"
"7471147095_R03C02","GSM1343588"
"7471147095_R04C02","GSM1343589"
"7471147095_R05C01","GSM1343590"
"7471147095_R05C02","GSM1343591"
"7471147095_R06C01","GSM1343592"
"7471147095_R06C02","GSM1343593"
"7471147096_R01C01","GSM1343594"
"7471147096_R01C02","GSM1343595"
"7471147096_R02C01","GSM1343596"
"7471147096_R02C02","GSM1343597"
"7471147096_R03C01","GSM1343598"
"7471147096_R03C02","GSM1343599"
"7471147096_R04C01","GSM1343600"
"7471147096_R04C02","GSM1343601"
"7471147096_R05C01","GSM1343602"
"7471147096_R05C02","GSM1343603"
"7471147096_R06C01","GSM1343604"
"7471147096_R06C02","GSM1343605"
"7471147098_R01C02","GSM1343606"
"7471147098_R02C01","GSM1343607"
"7471147098_R02C02","GSM1343608"
"7471147098_R03C01","GSM1343609"
"7471147098_R03C02","GSM1343610"
"7471147098_R04C01","GSM1343611"
"7471147098_R04C02","GSM1343612"
"7471147098_R05C01","GSM1343613"
"7471147098_R05C02","GSM1343614"
"7471147098_R06C01","GSM1343615"
"7471147098_R06C02","GSM1343616"
"7471147099_R01C01","GSM1343617"
"7471147099_R01C02","GSM1343618"
"7471147099_R02C01","GSM1343619"
"7471147099_R03C01","GSM1343620"
"7471147099_R03C02","GSM1343621"
"7471147099_R04C01","GSM1343622"
"7471147099_R04C02","GSM1343623"
"7471147099_R05C01","GSM1343624"
"7471147099_R05C02","GSM1343625"
"7471147099_R06C01","GSM1343626"
"7471147099_R06C02","GSM1343627"
"7471147102_R01C01","GSM1343628"
"7471147102_R01C02","GSM1343629"
"7471147102_R02C01","GSM1343630"
"7471147102_R02C02","GSM1343631"
"7471147102_R03C01","GSM1343632"
"7471147102_R03C02","GSM1343633"
"7471147102_R04C01","GSM1343634"
"7471147102_R04C02","GSM1343635"
"7471147102_R05C01","GSM1343636"
"7471147102_R05C02","GSM1343637"
"7471147102_R06C02","GSM1343638"
"7471147103_R01C01","GSM1343639"
"7471147103_R01C02","GSM1343640"
"7471147103_R02C01","GSM1343641"
"7471147103_R02C02","GSM1343642"
"7471147103_R03C01","GSM1343643"
"7471147103_R03C02","GSM1343644"
"7471147103_R04C01","GSM1343645"
"7471147103_R04C02","GSM1343646"
"7471147103_R05C01","GSM1343647"
"7471147103_R05C02","GSM1343648"
"7471147103_R06C01","GSM1343649"
"7471147103_R06C02","GSM1343650"
"7471147104_R01C02","GSM1343651"
"7471147104_R02C01","GSM1343652"
"7471147104_R02C02","GSM1343653"
"7471147104_R03C01","GSM1343654"
"7471147104_R03C02","GSM1343655"
"7471147104_R04C01","GSM1343656"
"7471147104_R04C02","GSM1343657"
"7471147104_R05C01","GSM1343658"
"7471147104_R05C02","GSM1343659"
"7471147104_R06C01","GSM1343660"
"7471147104_R06C02","GSM1343661"
"7471147105_R01C01","GSM1343662"
"7471147105_R01C02","GSM1343663"
"7471147105_R02C01","GSM1343664"
"7471147105_R02C02","GSM1343665"
"7471147105_R03C01","GSM1343666"
"7471147105_R03C02","GSM1343667"
"7471147105_R04C01","GSM1343668"
"7471147105_R04C02","GSM1343669"
"7471147105_R05C02","GSM1343670"
"7471147105_R06C01","GSM1343671"
"7471147105_R06C02","GSM1343672"
"7471147106_R01C01","GSM1343673"
"7471147106_R01C02","GSM1343674"
"7471147106_R02C01","GSM1343675"
"7471147106_R02C02","GSM1343676"
"7471147106_R03C01","GSM1343677"
"7471147106_R04C01","GSM1343678"
"7471147106_R04C02","GSM1343679"
"7471147106_R05C01","GSM1343680"
"7471147106_R05C02","GSM1343681"
"7471147106_R06C01","GSM1343682"
"7471147106_R06C02","GSM1343683"
"7471147107_R01C01","GSM1343684"
"7471147107_R01C02","GSM1343685"
"7471147107_R02C02","GSM1343686"
"7471147107_R03C01","GSM1343687"
"7471147107_R03C02","GSM1343688"
"7471147107_R04C01","GSM1343689"
"7471147107_R04C02","GSM1343690"
"7471147107_R05C01","GSM1343691"
"7471147107_R06C01","GSM1343692"
"7471147112_R01C01","GSM1343693"
"7471147112_R01C02","GSM1343694"
"7471147112_R02C01","GSM1343695"
"7471147112_R02C02","GSM1343696"
"7471147112_R03C01","GSM1343697"
"7471147112_R03C02","GSM1343698"
"7471147112_R04C01","GSM1343699"
"7471147112_R04C02","GSM1343700"
"7471147112_R05C01","GSM1343701"
"7471147112_R05C02","GSM1343702"
"7471147112_R06C01","GSM1343703"
"7471147112_R06C02","GSM1343704"
"7471147113_R01C01","GSM1343705"
"7471147113_R01C02","GSM1343706"
"7471147113_R02C02","GSM1343707"
"7471147113_R03C01","GSM1343708"
"7471147113_R03C02","GSM1343709"
"7471147113_R04C01","GSM1343710"
"7471147113_R04C02","GSM1343711"
"7471147113_R05C01","GSM1343712"
"7471147113_R05C02","GSM1343713"
"7471147113_R06C02","GSM1343714"
"7471147115_R01C01","GSM1343715"
"7471147115_R02C01","GSM1343716"
"7471147115_R02C02","GSM1343717"
"7471147115_R03C01","GSM1343718"
"7471147115_R03C02","GSM1343719"
"7471147115_R04C01","GSM1343720"
"7471147115_R04C02","GSM1343721"
"7471147115_R05C01","GSM1343722"
"7471147115_R05C02","GSM1343723"
"7471147115_R06C01","GSM1343724"
"7471147115_R06C02","GSM1343725"
"7471147116_R01C01","GSM1343726"
"7471147116_R01C02","GSM1343727"
"7471147116_R02C01","GSM1343728"
"7471147116_R02C02","GSM1343729"
"7471147116_R03C01","GSM1343730"
"7471147116_R03C02","GSM1343731"
"7471147116_R04C01","GSM1343732"
"7471147116_R04C02","GSM1343733"
"7471147116_R05C01","GSM1343734"
"7471147116_R05C02","GSM1343735"
"7471147116_R06C01","GSM1343736"
"7471147116_R06C02","GSM1343737"
"7471147117_R01C01","GSM1343738"
"7471147117_R02C01","GSM1343739"
"7471147117_R02C02","GSM1343740"
"7471147117_R03C01","GSM1343741"
"7471147117_R03C02","GSM1343742"
"7471147117_R04C01","GSM1343743"
"7471147117_R04C02","GSM1343744"
"7471147117_R05C01","GSM1343745"
"7471147117_R06C01","GSM1343746"
"7471147117_R06C02","GSM1343747"
"7471147118_R01C01","GSM1343748"
"7471147118_R01C02","GSM1343749"
"7471147118_R02C01","GSM1343750"
"7471147118_R02C02","GSM1343751"
"7471147118_R03C01","GSM1343752"
"7471147118_R03C02","GSM1343753"
"7471147118_R04C01","GSM1343754"
"7471147118_R04C02","GSM1343755"
"7471147118_R05C01","GSM1343756"
"7471147118_R05C02","GSM1343757"
"7471147118_R06C01","GSM1343758"
"7471147118_R06C02","GSM1343759"
"7471147120_R01C01","GSM1343760"
"7471147120_R01C02","GSM1343761"
"7471147120_R02C01","GSM1343762"
"7471147120_R02C02","GSM1343763"
"7471147120_R03C01","GSM1343764"
"7471147120_R03C02","GSM1343765"
"7471147120_R04C01","GSM1343766"
"7471147120_R04C02","GSM1343767"
"7471147120_R05C01","GSM1343768"
"7471147120_R05C02","GSM1343769"
"7471147120_R06C01","GSM1343770"
"7471147120_R06C02","GSM1343771"
"7471147121_R01C01","GSM1343772"
"7471147121_R01C02","GSM1343773"
"7471147121_R02C01","GSM1343774"
"7471147121_R02C02","GSM1343775"
"7471147121_R03C01","GSM1343776"
"7471147121_R03C02","GSM1343777"
"7471147121_R04C01","GSM1343778"
"7471147121_R04C02","GSM1343779"
"7471147121_R05C01","GSM1343780"
"7471147121_R05C02","GSM1343781"
"7471147121_R06C01","GSM1343782"
"7471147121_R06C02","GSM1343783"
"7471147122_R01C01","GSM1343784"
"7471147122_R01C02","GSM1343785"
"7471147122_R02C01","GSM1343786"
"7471147122_R02C02","GSM1343787"
"7471147122_R03C01","GSM1343788"
"7471147122_R03C02","GSM1343789"
"7471147122_R04C01","GSM1343790"
"7471147122_R04C02","GSM1343791"
"7471147122_R05C01","GSM1343792"
"7471147122_R05C02","GSM1343793"
"7471147122_R06C01","GSM1343794"
"7471147122_R06C02","GSM1343795"
"7471147125_R01C01","GSM1343796"
"7471147125_R01C02","GSM1343797"
"7471147125_R02C01","GSM1343798"
"7471147125_R02C02","GSM1343799"
"7471147125_R03C01","GSM1343800"
"7471147125_R03C02","GSM1343801"
"7471147125_R04C01","GSM1343802"
"7471147125_R04C02","GSM1343803"
"7471147125_R05C01","GSM1343804"
"7471147125_R05C02","GSM1343805"
"7471147125_R06C01","GSM1343806"
"7471147125_R06C02","GSM1343807"
"7471147127_R01C01","GSM1343808"
"7471147127_R01C02","GSM1343809"
"7471147127_R02C01","GSM1343810"
"7471147127_R02C02","GSM1343811"
"7471147127_R03C01","GSM1343812"
"7471147127_R03C02","GSM1343813"
"7471147127_R04C01","GSM1343814"
"7471147127_R04C02","GSM1343815"
"7471147127_R05C01","GSM1343816"
"7471147127_R05C02","GSM1343817"
"7471147127_R06C01","GSM1343818"
"7471147127_R06C02","GSM1343819"
"7471147128_R01C01","GSM1343820"
"7471147128_R01C02","GSM1343821"
"7471147128_R02C01","GSM1343822"
"7471147128_R02C02","GSM1343823"
"7471147128_R03C01","GSM1343824"
"7471147128_R03C02","GSM1343825"
"7471147128_R04C02","GSM1343826"
"7471147128_R05C01","GSM1343827"
"7471147128_R06C01","GSM1343828"
"7471147134_R01C01","GSM1343829"
"7471147134_R01C02","GSM1343830"
"7471147134_R02C02","GSM1343831"
"7471147134_R03C01","GSM1343832"
"7471147134_R03C02","GSM1343833"
"7471147134_R04C01","GSM1343834"
"7471147134_R04C02","GSM1343835"
"7471147134_R05C01","GSM1343836"
"7471147134_R05C02","GSM1343837"
"7471147134_R06C01","GSM1343838"
"7471147134_R06C02","GSM1343839"
"7471147136_R01C01","GSM1343840"
"7471147136_R02C01","GSM1343841"
"7471147136_R03C01","GSM1343842"
"7471147136_R03C02","GSM1343843"
"7471147136_R04C01","GSM1343844"
"7471147136_R04C02","GSM1343845"
"7471147136_R05C01","GSM1343846"
"7471147136_R05C02","GSM1343847"
"7471147136_R06C01","GSM1343848"
"7471147136_R06C02","GSM1343849"
"7471147138_R01C02","GSM1343850"
"7471147138_R02C01","GSM1343851"
"7471147138_R02C02","GSM1343852"
"7471147138_R03C01","GSM1343853"
"7471147138_R03C02","GSM1343854"
"7471147138_R04C01","GSM1343855"
"7471147138_R04C02","GSM1343856"
"7471147138_R05C01","GSM1343857"
"7471147138_R06C01","GSM1343858"
"7471147138_R06C02","GSM1343859"
"7471147139_R01C01","GSM1343860"
"7471147139_R01C02","GSM1343861"
"7471147139_R02C01","GSM1343862"
"7471147139_R02C02","GSM1343863"
"7471147139_R03C01","GSM1343864"
"7471147139_R03C02","GSM1343865"
"7471147139_R04C01","GSM1343866"
"7471147139_R04C02","GSM1343867"
"7471147139_R05C01","GSM1343868"
"7471147139_R05C02","GSM1343869"
"7471147139_R06C01","GSM1343870"
"7471147139_R06C02","GSM1343871"
"7471147140_R01C01","GSM1343872"
"7471147140_R01C02","GSM1343873"
"7471147140_R02C01","GSM1343874"
"7471147140_R02C02","GSM1343875"
"7471147140_R03C01","GSM1343876"
"7471147140_R03C02","GSM1343877"
"7471147140_R04C01","GSM1343878"
"7471147140_R04C02","GSM1343879"
"7471147140_R05C01","GSM1343880"
"7471147140_R05C02","GSM1343881"
"7471147140_R06C01","GSM1343882"
"7471147140_R06C02","GSM1343883"
"7471147141_R01C01","GSM1343884"
"7471147141_R01C02","GSM1343885"
"7471147141_R02C01","GSM1343886"
"7471147141_R02C02","GSM1343887"
"7471147141_R03C01","GSM1343888"
"7471147141_R03C02","GSM1343889"
"7471147141_R04C01","GSM1343890"
"7471147141_R04C02","GSM1343891"
"7471147141_R05C01","GSM1343892"
"7471147141_R05C02","GSM1343893"
"7471147141_R06C01","GSM1343894"
"7471147141_R06C02","GSM1343895"
"7471147143_R01C01","GSM1343896"
"7471147143_R01C02","GSM1343897"
"7471147143_R02C02","GSM1343898"
"7471147143_R03C01","GSM1343899"
"7471147143_R03C02","GSM1343900"
"7471147143_R04C01","GSM1343901"
"7471147143_R04C02","GSM1343902"
"7471147143_R05C02","GSM1343903"
"7471147143_R06C01","GSM1343904"
"7471147143_R06C02","GSM1343905"
"7471147145_R01C01","GSM1343906"
"7471147145_R01C02","GSM1343907"
"7471147145_R02C01","GSM1343908"
"7471147145_R02C02","GSM1343909"
"7471147145_R03C01","GSM1343910"
"7471147145_R03C02","GSM1343911"
"7471147145_R04C02","GSM1343912"
"7471147145_R05C01","GSM1343913"
"7471147145_R05C02","GSM1343914"
"7471147145_R06C02","GSM1343915"
"7471147146_R01C01","GSM1343916"
"7471147146_R01C02","GSM1343917"
"7471147146_R02C01","GSM1343918"
"7471147146_R02C02","GSM1343919"
"7471147146_R03C01","GSM1343920"
"7471147146_R03C02","GSM1343921"
"7471147146_R04C02","GSM1343922"
"7471147146_R05C01","GSM1343923"
"7471147146_R05C02","GSM1343924"
"7471147146_R06C02","GSM1343925"
"7471147147_R01C01","GSM1343926"
"7471147147_R01C02","GSM1343927"
"7471147147_R02C01","GSM1343928"
"7471147147_R02C02","GSM1343929"
"7471147147_R03C01","GSM1343930"
"7471147147_R03C02","GSM1343931"
"7471147147_R04C01","GSM1343932"
"7471147147_R04C02","GSM1343933"
"7471147147_R05C01","GSM1343934"
"7471147147_R05C02","GSM1343935"
"7471147147_R06C01","GSM1343936"
"7471147148_R01C01","GSM1343937"
"7471147148_R01C02","GSM1343938"
"7471147148_R02C01","GSM1343939"
"7471147148_R02C02","GSM1343940"
"7471147148_R03C01","GSM1343941"
"7471147148_R03C02","GSM1343942"
"7471147148_R04C01","GSM1343943"
"7471147148_R04C02","GSM1343944"
"7471147148_R05C01","GSM1343945"
"7471147148_R05C02","GSM1343946"
"7471147148_R06C01","GSM1343947"
"7471147148_R06C02","GSM1343948"
"7471147149_R01C01","GSM1343949"
"7471147149_R01C02","GSM1343950"
"7471147149_R02C01","GSM1343951"
"7471147149_R02C02","GSM1343952"
"7471147149_R03C01","GSM1343953"
"7471147149_R03C02","GSM1343954"
"7471147149_R04C01","GSM1343955"
"7471147149_R04C02","GSM1343956"
"7471147149_R05C01","GSM1343957"
"7471147149_R05C02","GSM1343958"
"7471147149_R06C02","GSM1343959"
"7471147163_R01C01","GSM1343960"
"7471147163_R01C02","GSM1343961"
"7471147163_R02C01","GSM1343962"
"7471147163_R02C02","GSM1343963"
"7471147163_R03C01","GSM1343964"
"7471147163_R03C02","GSM1343965"
"7471147163_R04C01","GSM1343966"
"7471147163_R04C02","GSM1343967"
"7471147163_R05C01","GSM1343968"
"7471147163_R05C02","GSM1343969"
"7471147163_R06C01","GSM1343970"
"7471147163_R06C02","GSM1343971"
"7471147165_R01C01","GSM1343972"
"7471147165_R01C02","GSM1343973"
"7471147165_R02C01","GSM1343974"
"7471147165_R02C02","GSM1343975"
"7471147165_R03C01","GSM1343976"
"7471147165_R03C02","GSM1343977"
"7471147165_R04C01","GSM1343978"
"7471147165_R04C02","GSM1343979"
"7471147165_R05C01","GSM1343980"
"7471147165_R05C02","GSM1343981"
"7471147165_R06C02","GSM1343982"
"7507867089_R01C01","GSM1343983"
"7507867089_R01C02","GSM1343984"
"7507867089_R02C02","GSM1343985"
"7507867089_R03C01","GSM1343986"
"7507867089_R03C02","GSM1343987"
"7507867089_R04C01","GSM1343988"
"7507867089_R04C02","GSM1343989"
"7507867089_R05C01","GSM1343990"
"7507867089_R05C02","GSM1343991"
"7507867089_R06C01","GSM1343992"
"7507867089_R06C02","GSM1343993"
"7507875026_R01C01","GSM1343994"
"7507875026_R01C02","GSM1343995"
"7507875026_R02C01","GSM1343996"
"7507875026_R02C02","GSM1343997"
"7507875026_R03C02","GSM1343998"
"7507875026_R04C01","GSM1343999"
"7507875026_R05C01","GSM1344000"
"7507875026_R06C01","GSM1344001"
"7507875026_R06C02","GSM1344002"
"7507875027_R01C01","GSM1344003"
"7507875027_R01C02","GSM1344004"
"7507875027_R02C01","GSM1344005"
"7507875027_R02C02","GSM1344006"
"7507875027_R03C02","GSM1344007"
"7507875027_R04C01","GSM1344008"
"7507875027_R04C02","GSM1344009"
"7507875027_R05C01","GSM1344010"
"7507875027_R06C01","GSM1344011"
"7507875047_R01C01","GSM1344012"
"7507875047_R01C02","GSM1344013"
"7507875047_R02C01","GSM1344014"
"7507875047_R02C02","GSM1344015"
"7507875047_R03C01","GSM1344016"
"7507875047_R03C02","GSM1344017"
"7507875047_R04C01","GSM1344018"
"7507875047_R04C02","GSM1344019"
"7507875047_R05C01","GSM1344020"
"7507875047_R05C02","GSM1344021"
"7507875047_R06C01","GSM1344022"
"7507875047_R06C02","GSM1344023"
"7507875061_R01C01","GSM1344024"
"7507875061_R01C02","GSM1344025"
"7507875061_R02C01","GSM1344026"
"7507875061_R02C02","GSM1344027"
"7507875061_R03C01","GSM1344028"
"7507875061_R03C02","GSM1344029"
"7507875061_R04C01","GSM1344030"
"7507875061_R04C02","GSM1344031"
"7507875061_R05C01","GSM1344032"
"7507875061_R05C02","GSM1344033"
"7507875061_R06C01","GSM1344034"
"7507875061_R06C02","GSM1344035"
"7507875062_R01C01","GSM1344036"
"7507875062_R01C02","GSM1344037"
"7507875062_R02C01","GSM1344038"
"7507875062_R03C01","GSM1344039"
"7507875062_R03C02","GSM1344040"
"7507875062_R04C01","GSM1344041"
"7507875062_R05C01","GSM1344042"
"7507875062_R05C02","GSM1344043"
"7507875062_R06C01","GSM1344044"
"7507875062_R06C02","GSM1344045"
"7507875063_R01C01","GSM1344046"
"7507875063_R01C02","GSM1344047"
"7507875063_R02C01","GSM1344048"
"7507875063_R02C02","GSM1344049"
"7507875063_R03C01","GSM1344050"
"7507875063_R03C02","GSM1344051"
"7507875063_R04C01","GSM1344052"
"7507875063_R04C02","GSM1344053"
"7507875063_R05C01","GSM1344054"
"7507875063_R05C02","GSM1344055"
"7507875063_R06C01","GSM1344056"
"7507875063_R06C02","GSM1344057"
"7507875091_R01C01","GSM1344058"
"7507875091_R01C02","GSM1344059"
"7507875091_R02C01","GSM1344060"
"7507875091_R02C02","GSM1344061"
"7507875091_R03C01","GSM1344062"
"7507875091_R03C02","GSM1344063"
"7507875091_R04C01","GSM1344064"
"7507875091_R04C02","GSM1344065"
"7507875091_R05C01","GSM1344066"
"7507875091_R05C02","GSM1344067"
"7507875091_R06C01","GSM1344068"
"7507875091_R06C02","GSM1344069"
"7507875118_R01C01","GSM1344070"
"7507875118_R02C01","GSM1344071"
"7507875118_R02C02","GSM1344072"
"7507875118_R03C01","GSM1344073"
"7507875118_R03C02","GSM1344074"
"7507875118_R04C01","GSM1344075"
"7507875118_R04C02","GSM1344076"
"7507875118_R05C01","GSM1344077"
"7507875118_R05C02","GSM1344078"
"7507875118_R06C01","GSM1344079"
"7507875118_R06C02","GSM1344080"
"7507875119_R01C01","GSM1344081"
"7507875119_R01C02","GSM1344082"
"7507875119_R02C01","GSM1344083"
"7507875119_R02C02","GSM1344084"
"7507875119_R03C01","GSM1344085"
"7507875119_R03C02","GSM1344086"
"7507875119_R04C01","GSM1344087"
"7507875119_R05C01","GSM1344088"
"7507875119_R06C01","GSM1344089"
"7507875119_R06C02","GSM1344090"
"7507875120_R01C01","GSM1344091"
"7507875120_R01C02","GSM1344092"
"7507875120_R02C01","GSM1344093"
"7507875120_R02C02","GSM1344094"
"7507875120_R03C01","GSM1344095"
"7507875120_R03C02","GSM1344096"
"7507875120_R04C01","GSM1344097"
"7507875120_R04C02","GSM1344098"
"7507875120_R05C01","GSM1344099"
"7507875120_R05C02","GSM1344100"
"7507875120_R06C01","GSM1344101"
"7507875120_R06C02","GSM1344102"
"7507875129_R01C01","GSM1344103"
"7507875129_R02C02","GSM1344104"
"7507875129_R03C02","GSM1344105"
"7507875129_R04C01","GSM1344106"
"7507875129_R05C01","GSM1344107"
"7507875129_R05C02","GSM1344108"
"7507875129_R06C01","GSM1344109"
"7507875129_R06C02","GSM1344110"
"7507875130_R01C01","GSM1344111"
"7507875130_R01C02","GSM1344112"
"7507875130_R02C01","GSM1344113"
"7507875130_R02C02","GSM1344114"
"7507875130_R03C01","GSM1344115"
"7507875130_R03C02","GSM1344116"
"7507875130_R04C01","GSM1344117"
"7507875130_R04C02","GSM1344118"
"7507875130_R05C01","GSM1344119"
"7507875130_R05C02","GSM1344120"
"7507875130_R06C01","GSM1344121"
"7507875130_R06C02","GSM1344122"
"7507875134_R01C01","GSM1344123"
"7507875134_R01C02","GSM1344124"
"7507875134_R02C01","GSM1344125"
"7507875134_R02C02","GSM1344126"
"7507875134_R03C01","GSM1344127"
"7507875134_R04C01","GSM1344128"
"7507875134_R04C02","GSM1344129"
"7507875134_R05C01","GSM1344130"
"7507875134_R05C02","GSM1344131"
"7507875134_R06C01","GSM1344132"
"7507875138_R01C01","GSM1344133"
"7507875138_R01C02","GSM1344134"
"7507875138_R02C01","GSM1344135"
"7507875138_R02C02","GSM1344136"
"7507875138_R03C01","GSM1344137"
"7507875138_R03C02","GSM1344138"
"7507875138_R04C01","GSM1344139"
"7507875138_R04C02","GSM1344140"
"7507875138_R05C01","GSM1344141"
"7507875138_R05C02","GSM1344142"
"7507875138_R06C01","GSM1344143"
"7507875138_R06C02","GSM1344144"
"7507875139_R01C01","GSM1344145"
"7507875139_R01C02","GSM1344146"
"7507875139_R02C02","GSM1344147"
"7507875139_R03C01","GSM1344148"
"7507875139_R04C01","GSM1344149"
"7507875139_R04C02","GSM1344150"
"7507875139_R05C01","GSM1344151"
"7507875139_R05C02","GSM1344152"
"7507875139_R06C01","GSM1344153"
"7507875139_R06C02","GSM1344154"
"7507875141_R01C02","GSM1344155"
"7507875141_R02C01","GSM1344156"
"7507875141_R02C02","GSM1344157"
"7507875141_R03C01","GSM1344158"
"7507875141_R03C02","GSM1344159"
"7507875141_R04C01","GSM1344160"
"7507875141_R04C02","GSM1344161"
"7507875141_R05C01","GSM1344162"
"7507875141_R05C02","GSM1344163"
"7507875141_R06C01","GSM1344164"
"7507875141_R06C02","GSM1344165"
"7507875142_R01C01","GSM1344166"
"7507875142_R02C01","GSM1344167"
"7507875142_R02C02","GSM1344168"
"7507875142_R03C01","GSM1344169"
"7507875142_R03C02","GSM1344170"
"7507875142_R04C01","GSM1344171"
"7507875142_R04C02","GSM1344172"
"7507875142_R05C01","GSM1344173"
"7507875142_R05C02","GSM1344174"
"7507875142_R06C01","GSM1344175"
"7507875142_R06C02","GSM1344176"
"7507875150_R01C01","GSM1344177"
"7507875150_R01C02","GSM1344178"
"7507875150_R02C01","GSM1344179"
"7507875150_R03C01","GSM1344180"
"7507875150_R03C02","GSM1344181"
"7507875150_R04C01","GSM1344182"
"7507875150_R04C02","GSM1344183"
"7507875150_R05C01","GSM1344184"
"7507875150_R06C01","GSM1344185"
"7507875150_R06C02","GSM1344186"
"7507875153_R01C01","GSM1344187"
"7507875153_R01C02","GSM1344188"
"7507875153_R02C01","GSM1344189"
"7507875153_R02C02","GSM1344190"
"7507875153_R03C01","GSM1344191"
"7507875153_R04C01","GSM1344192"
"7507875153_R04C02","GSM1344193"
"7507875153_R05C01","GSM1344194"
"7507875153_R05C02","GSM1344195"
"7507875153_R06C01","GSM1344196"
"7507875153_R06C02","GSM1344197"
"7507875154_R01C01","GSM1344198"
"7507875154_R01C02","GSM1344199"
"7507875154_R02C01","GSM1344200"
"7507875154_R03C01","GSM1344201"
"7507875154_R03C02","GSM1344202"
"7507875154_R04C01","GSM1344203"
"7507875154_R04C02","GSM1344204"
"7507875154_R05C02","GSM1344205"
"7507875154_R06C01","GSM1344206"
"7507875154_R06C02","GSM1344207"
"7507875155_R01C01","GSM1344208"
"7507875155_R01C02","GSM1344209"
"7507875155_R02C01","GSM1344210"
"7507875155_R02C02","GSM1344211"
"7507875155_R03C01","GSM1344212"
"7507875155_R03C02","GSM1344213"
"7507875155_R04C01","GSM1344214"
"7507875155_R04C02","GSM1344215"
"7507875155_R05C01","GSM1344216"
"7507875155_R06C01","GSM1344217"
"7507875155_R06C02","GSM1344218"
"7507875157_R01C01","GSM1344219"
"7507875157_R01C02","GSM1344220"
"7507875157_R02C02","GSM1344221"
"7507875157_R03C01","GSM1344222"
"7507875157_R03C02","GSM1344223"
"7507875157_R04C01","GSM1344224"
"7507875157_R04C02","GSM1344225"
"7507875157_R05C02","GSM1344226"
"7507875157_R06C01","GSM1344227"
"7507875157_R06C02","GSM1344228"
"7507875158_R01C01","GSM1344229"
"7507875158_R01C02","GSM1344230"
"7507875158_R02C01","GSM1344231"
"7507875158_R02C02","GSM1344232"
"7507875158_R03C01","GSM1344233"
"7507875158_R03C02","GSM1344234"
"7507875158_R04C01","GSM1344235"
"7507875158_R04C02","GSM1344236"
"7507875158_R05C01","GSM1344237"
"7507875158_R05C02","GSM1344238"
"7507875158_R06C01","GSM1344239"
"7507875158_R06C02","GSM1344240"
"7507875168_R01C01","GSM1344241"
"7507875168_R01C02","GSM1344242"
"7507875168_R02C01","GSM1344243"
"7507875168_R02C02","GSM1344244"
"7507875168_R03C02","GSM1344245"
"7507875168_R04C01","GSM1344246"
"7507875168_R04C02","GSM1344247"
"7507875168_R05C01","GSM1344248"
"7507875168_R05C02","GSM1344249"
"7507875168_R06C01","GSM1344250"
"7507875168_R06C02","GSM1344251"
"7512551016_R01C01","GSM1344252"
"7512551016_R01C02","GSM1344253"
"7512551016_R02C02","GSM1344254"
"7512551016_R03C01","GSM1344255"
"7512551016_R04C01","GSM1344256"
"7512551016_R04C02","GSM1344257"
"7512551016_R05C01","GSM1344258"
"7512551016_R06C01","GSM1344259"
"7512551016_R06C02","GSM1344260"
"7512551025_R01C01","GSM1344261"
"7512551025_R01C02","GSM1344262"
"7512551025_R02C01","GSM1344263"
"7512551025_R02C02","GSM1344264"
"7512551025_R03C01","GSM1344265"
"7512551025_R03C02","GSM1344266"
"7512551025_R04C01","GSM1344267"
"7512551025_R04C02","GSM1344268"
"7512551025_R05C01","GSM1344269"
"7512551025_R05C02","GSM1344270"
"7512551025_R06C01","GSM1344271"
"7512551025_R06C02","GSM1344272"
"7512551029_R01C01","GSM1344273"
"7512551029_R01C02","GSM1344274"
"7512551029_R02C01","GSM1344275"
"7512551029_R02C02","GSM1344276"
"7512551029_R03C01","GSM1344277"
"7512551029_R03C02","GSM1344278"
"7512551029_R04C01","GSM1344279"
"7512551029_R04C02","GSM1344280"
"7512551029_R05C01","GSM1344281"
"7512551029_R05C02","GSM1344282"
"7512551029_R06C01","GSM1344283"
"7512551029_R06C02","GSM1344284"
"7512551046_R01C01","GSM1344285"
"7512551046_R01C02","GSM1344286"
"7512551046_R02C01","GSM1344287"
"7512551046_R02C02","GSM1344288"
"7512551046_R03C01","GSM1344289"
"7512551046_R03C02","GSM1344290"
"7512551046_R04C01","GSM1344291"
"7512551046_R04C02","GSM1344292"
"7512551046_R05C01","GSM1344293"
"7512551046_R05C02","GSM1344294"
"7512551046_R06C01","GSM1344295"
"7512560087_R01C01","GSM1344296"
"7512560087_R01C02","GSM1344297"
"7512560087_R02C01","GSM1344298"
"7512560087_R02C02","GSM1344299"
"7512560087_R03C02","GSM1344300"
"7512560087_R04C02","GSM1344301"
"7512560087_R05C01","GSM1344302"
"7512560087_R05C02","GSM1344303"
"7512560087_R06C01","GSM1344304"
"7512560087_R06C02","GSM1344305"
"7512560091_R01C01","GSM1344306"
"7512560091_R02C01","GSM1344307"
"7512560091_R02C02","GSM1344308"
"7512560091_R03C01","GSM1344309"
"7512560091_R03C02","GSM1344310"
"7512560091_R04C01","GSM1344311"
"7512560091_R04C02","GSM1344312"
"7512560091_R05C01","GSM1344313"
"7512560091_R05C02","GSM1344314"
"7512560091_R06C01","GSM1344315"
"7512560091_R06C02","GSM1344316"
"7512560094_R01C01","GSM1344317"
"7512560094_R01C02","GSM1344318"
"7512560094_R02C01","GSM1344319"
"7512560094_R02C02","GSM1344320"
"7512560094_R03C01","GSM1344321"
"7512560094_R03C02","GSM1344322"
"7512560094_R04C01","GSM1344323"
"7512560094_R04C02","GSM1344324"
"7512560094_R05C01","GSM1344325"
"7512560094_R06C01","GSM1344326"
"7512560094_R06C02","GSM1344327"
"7512560114_R01C01","GSM1344328"
"7512560114_R02C01","GSM1344329"
"7512560114_R02C02","GSM1344330"
"7512560114_R03C01","GSM1344331"
"7512560114_R03C02","GSM1344332"
"7512560114_R04C01","GSM1344333"
"7512560114_R04C02","GSM1344334"
"7512560114_R05C01","GSM1344335"
"7512560114_R05C02","GSM1344336"
"7512560114_R06C01","GSM1344337"
"7512560114_R06C02","GSM1344338"
"7512560138_R03C02","GSM1344339"
"7512560138_R04C02","GSM1344340"
"7512560138_R05C02","GSM1344341"
"7512560138_R06C02","GSM1344342"
"7786915004_R01C01","GSM1344343"
"7786915004_R01C02","GSM1344344"
"7786915004_R02C01","GSM1344345"
"7786915004_R03C01","GSM1344346"
"7786915004_R03C02","GSM1344347"
"7786915004_R04C01","GSM1344348"
"7786915004_R05C01","GSM1344349"
"7786915004_R05C02","GSM1344350"
"7786915004_R06C01","GSM1344351"
"7786915004_R06C02","GSM1344352"
"7786915005_R01C01","GSM1344353"
"7786915005_R01C02","GSM1344354"
"7786915005_R02C01","GSM1344355"
"7786915005_R02C02","GSM1344356"
"7786915005_R03C02","GSM1344357"
"7786915005_R04C02","GSM1344358"
"7786915005_R05C01","GSM1344359"
"7786915005_R05C02","GSM1344360"
"7786915005_R06C01","GSM1344361"
"7786915005_R06C02","GSM1344362"
"7786915007_R01C01","GSM1344363"
"7786915007_R01C02","GSM1344364"
"7786915007_R02C01","GSM1344365"
"7786915007_R02C02","GSM1344366"
"7786915007_R03C01","GSM1344367"
"7786915007_R03C02","GSM1344368"
"7786915007_R04C01","GSM1344369"
"7786915007_R04C02","GSM1344370"
"7786915007_R05C01","GSM1344371"
"7786915007_R05C02","GSM1344372"
"7786915007_R06C01","GSM1344373"
"7786915007_R06C02","GSM1344374"
"7786915008_R01C01","GSM1344375"
"7786915008_R01C02","GSM1344376"
"7786915008_R02C01","GSM1344377"
"7786915008_R02C02","GSM1344378"
"7786915008_R03C01","GSM1344379"
"7786915008_R03C02","GSM1344380"
"7786915008_R04C01","GSM1344381"
"7786915008_R04C02","GSM1344382"
"7786915008_R05C01","GSM1344383"
"7786915008_R05C02","GSM1344384"
"7786915008_R06C01","GSM1344385"
"7786915008_R06C02","GSM1344386"
"7786915009_R01C01","GSM1344387"
"7786915009_R01C02","GSM1344388"
"7786915009_R02C01","GSM1344389"
"7786915009_R02C02","GSM1344390"
"7786915009_R03C01","GSM1344391"
"7786915009_R03C02","GSM1344392"
"7786915009_R04C01","GSM1344393"
"7786915009_R05C01","GSM1344394"
"7786915009_R05C02","GSM1344395"
"7786915009_R06C01","GSM1344396"
"7786915009_R06C02","GSM1344397"
"7786915014_R01C01","GSM1344398"
"7786915014_R01C02","GSM1344399"
"7786915014_R02C01","GSM1344400"
"7786915014_R02C02","GSM1344401"
"7786915014_R03C01","GSM1344402"
"7786915014_R03C02","GSM1344403"
"7786915014_R04C01","GSM1344404"
"7786915014_R04C02","GSM1344405"
"7786915014_R05C01","GSM1344406"
"7786915014_R05C02","GSM1344407"
"7786915014_R06C01","GSM1344408"
"7786915016_R01C01","GSM1344409"
"7786915016_R01C02","GSM1344410"
"7786915016_R02C01","GSM1344411"
"7786915016_R03C01","GSM1344412"
"7786915016_R03C02","GSM1344413"
"7786915016_R04C01","GSM1344414"
"7786915016_R04C02","GSM1344415"
"7786915016_R05C01","GSM1344416"
"7786915016_R05C02","GSM1344417"
"7786915016_R06C01","GSM1344418"
"7786915016_R06C02","GSM1344419"
"7786915018_R01C01","GSM1344420"
"7786915018_R01C02","GSM1344421"
"7786915018_R02C01","GSM1344422"
"7786915018_R02C02","GSM1344423"
"7786915018_R03C01","GSM1344424"
"7786915018_R04C01","GSM1344425"
"7786915018_R04C02","GSM1344426"
"7786915018_R05C01","GSM1344427"
"7786915018_R05C02","GSM1344428"
"7786915018_R06C02","GSM1344429"
"7786915023_R01C02","GSM1344430"
"7786915023_R02C01","GSM1344431"
"7786915023_R03C01","GSM1344432"
"7786915023_R03C02","GSM1344433"
"7786915023_R04C01","GSM1344434"
"7786915023_R04C02","GSM1344435"
"7786915023_R05C01","GSM1344436"
"7786915023_R05C02","GSM1344437"
"7786915023_R06C01","GSM1344438"
"7786915023_R06C02","GSM1344439"
"7786915028_R01C01","GSM1344440"
"7786915028_R01C02","GSM1344441"
"7786915028_R02C01","GSM1344442"
"7786915028_R02C02","GSM1344443"
"7786915028_R03C01","GSM1344444"
"7786915028_R03C02","GSM1344445"
"7786915028_R04C01","GSM1344446"
"7786915028_R04C02","GSM1344447"
"7786915028_R05C01","GSM1344448"
"7786915028_R05C02","GSM1344449"
"7786915028_R06C01","GSM1344450"
"7786915028_R06C02","GSM1344451"
"7786915029_R01C01","GSM1344452"
"7786915029_R01C02","GSM1344453"
"7786915029_R02C01","GSM1344454"
"7786915029_R02C02","GSM1344455"
"7786915029_R03C01","GSM1344456"
"7786915029_R03C02","GSM1344457"
"7786915029_R04C01","GSM1344458"
"7786915029_R04C02","GSM1344459"
"7786915029_R05C01","GSM1344460"
"7786915029_R05C02","GSM1344461"
"7786915029_R06C01","GSM1344462"
"7786915029_R06C02","GSM1344463"
"7786915035_R01C02","GSM1344464"
"7786915035_R02C01","GSM1344465"
"7786915035_R02C02","GSM1344466"
"7786915035_R03C01","GSM1344467"
"7786915035_R04C01","GSM1344468"
"7786915035_R04C02","GSM1344469"
"7786915035_R05C02","GSM1344470"
"7786915035_R06C01","GSM1344471"
"7786915035_R06C02","GSM1344472"
"7786915036_R01C01","GSM1344473"
"7786915036_R01C02","GSM1344474"
"7786915036_R02C02","GSM1344475"
"7786915036_R03C01","GSM1344476"
"7786915036_R03C02","GSM1344477"
"7786915036_R04C01","GSM1344478"
"7786915036_R04C02","GSM1344479"
"7786915036_R05C01","GSM1344480"
"7786915036_R05C02","GSM1344481"
"7786915036_R06C02","GSM1344482"
"7786915038_R01C01","GSM1344483"
"7786915038_R01C02","GSM1344484"
"7786915038_R02C01","GSM1344485"
"7786915038_R02C02","GSM1344486"
"7786915038_R03C01","GSM1344487"
"7786915038_R03C02","GSM1344488"
"7786915038_R04C01","GSM1344489"
"7786915038_R04C02","GSM1344490"
"7786915038_R05C02","GSM1344491"
"7786915038_R06C01","GSM1344492"
"7786915038_R06C02","GSM1344493"
"7786915042_R01C01","GSM1344494"
"7786915042_R01C02","GSM1344495"
"7786915042_R02C01","GSM1344496"
"7786915042_R02C02","GSM1344497"
"7786915042_R03C01","GSM1344498"
"7786915042_R03C02","GSM1344499"
"7786915042_R04C01","GSM1344500"
"7786915042_R04C02","GSM1344501"
"7786915042_R05C01","GSM1344502"
"7786915042_R05C02","GSM1344503"
"7786915042_R06C01","GSM1344504"
"7786915042_R06C02","GSM1344505"
"7786915046_R01C01","GSM1344506"
"7786915046_R02C01","GSM1344507"
"7786915046_R02C02","GSM1344508"
"7786915046_R03C01","GSM1344509"
"7786915046_R03C02","GSM1344510"
"7786915046_R04C01","GSM1344511"
"7786915046_R04C02","GSM1344512"
"7786915046_R05C01","GSM1344513"
"7786915046_R05C02","GSM1344514"
"7786915046_R06C01","GSM1344515"
"7786915046_R06C02","GSM1344516"
"7786915048_R01C01","GSM1344517"
"7786915048_R01C02","GSM1344518"
"7786915048_R02C01","GSM1344519"
"7786915048_R02C02","GSM1344520"
"7786915048_R03C01","GSM1344521"
"7786915048_R03C02","GSM1344522"
"7786915048_R04C02","GSM1344523"
"7786915048_R05C01","GSM1344524"
"7786915048_R05C02","GSM1344525"
"7786915048_R06C01","GSM1344526"
"7786915049_R01C01","GSM1344527"
"7786915049_R01C02","GSM1344528"
"7786915049_R02C01","GSM1344529"
"7786915049_R02C02","GSM1344530"
"7786915049_R03C01","GSM1344531"
"7786915049_R03C02","GSM1344532"
"7786915049_R04C01","GSM1344533"
"7786915049_R04C02","GSM1344534"
"7786915049_R05C01","GSM1344535"
"7786915049_R05C02","GSM1344536"
"7786915049_R06C01","GSM1344537"
"7786915049_R06C02","GSM1344538"
"7786915051_R01C01","GSM1344539"
"7786915051_R01C02","GSM1344540"
"7786915051_R02C01","GSM1344541"
"7786915051_R02C02","GSM1344542"
"7786915051_R03C01","GSM1344543"
"7786915051_R03C02","GSM1344544"
"7786915051_R04C01","GSM1344545"
"7786915051_R04C02","GSM1344546"
"7786915051_R05C01","GSM1344547"
"7786915051_R05C02","GSM1344548"
"7786915051_R06C01","GSM1344549"
"7786915051_R06C02","GSM1344550"
"7786915052_R01C02","GSM1344551"
"7786915052_R02C01","GSM1344552"
"7786915052_R02C02","GSM1344553"
"7786915052_R03C01","GSM1344554"
"7786915052_R03C02","GSM1344555"
"7786915052_R04C01","GSM1344556"
"7786915052_R04C02","GSM1344557"
"7786915052_R05C01","GSM1344558"
"7786915052_R05C02","GSM1344559"
"7786915052_R06C01","GSM1344560"
"7786915052_R06C02","GSM1344561"
"7786915053_R01C01","GSM1344562"
"7786915053_R01C02","GSM1344563"
"7786915053_R02C01","GSM1344564"
"7786915053_R02C02","GSM1344565"
"7786915053_R03C01","GSM1344566"
"7786915053_R03C02","GSM1344567"
"7786915053_R04C02","GSM1344568"
"7786915053_R05C01","GSM1344569"
"7786915053_R05C02","GSM1344570"
"7786915053_R06C01","GSM1344571"
"7786915053_R06C02","GSM1344572"
"7786915055_R01C01","GSM1344573"
"7786915055_R01C02","GSM1344574"
"7786915055_R02C01","GSM1344575"
"7786915055_R02C02","GSM1344576"
"7786915055_R03C01","GSM1344577"
"7786915055_R04C01","GSM1344578"
"7786915055_R04C02","GSM1344579"
"7786915055_R05C01","GSM1344580"
"7786915055_R05C02","GSM1344581"
"7786915055_R06C02","GSM1344582"
"7786915061_R01C01","GSM1344583"
"7786915061_R01C02","GSM1344584"
"7786915061_R02C01","GSM1344585"
"7786915061_R02C02","GSM1344586"
"7786915061_R03C01","GSM1344587"
"7786915061_R03C02","GSM1344588"
"7786915061_R04C01","GSM1344589"
"7786915061_R04C02","GSM1344590"
"7786915061_R05C01","GSM1344591"
"7786915061_R05C02","GSM1344592"
"7786915061_R06C02","GSM1344593"
"7786915062_R01C01","GSM1344594"
"7786915062_R01C02","GSM1344595"
"7786915062_R02C01","GSM1344596"
"7786915062_R02C02","GSM1344597"
"7786915062_R03C01","GSM1344598"
"7786915062_R03C02","GSM1344599"
"7786915062_R04C01","GSM1344600"
"7786915062_R04C02","GSM1344601"
"7786915062_R05C01","GSM1344602"
"7786915062_R05C02","GSM1344603"
"7786915062_R06C01","GSM1344604"
"7786915062_R06C02","GSM1344605"
"7786915063_R01C01","GSM1344606"
"7786915063_R01C02","GSM1344607"
"7786915063_R02C01","GSM1344608"
"7786915063_R02C02","GSM1344609"
"7786915063_R03C01","GSM1344610"
"7786915063_R03C02","GSM1344611"
"7786915063_R04C02","GSM1344612"
"7786915063_R05C01","GSM1344613"
"7786915063_R05C02","GSM1344614"
"7786915063_R06C01","GSM1344615"
"7786915063_R06C02","GSM1344616"
"7786915079_R01C01","GSM1344617"
"7786915079_R01C02","GSM1344618"
"7786915079_R02C01","GSM1344619"
"7786915079_R02C02","GSM1344620"
"7786915079_R03C01","GSM1344621"
"7786915079_R03C02","GSM1344622"
"7786915079_R04C01","GSM1344623"
"7786915079_R04C02","GSM1344624"
"7786915079_R05C01","GSM1344625"
"7786915079_R06C01","GSM1344626"
"7786915079_R06C02","GSM1344627"
"7786915083_R01C01","GSM1344628"
"7786915083_R01C02","GSM1344629"
"7786915083_R02C01","GSM1344630"
"7786915083_R02C02","GSM1344631"
"7786915083_R03C01","GSM1344632"
"7786915083_R03C02","GSM1344633"
"7786915083_R04C01","GSM1344634"
"7786915083_R04C02","GSM1344635"
"7786915083_R05C01","GSM1344636"
"7786915083_R05C02","GSM1344637"
"7786915083_R06C01","GSM1344638"
"7786915083_R06C02","GSM1344639"
"7786915084_R01C01","GSM1344640"
"7786915084_R01C02","GSM1344641"
"7786915084_R02C01","GSM1344642"
"7786915084_R02C02","GSM1344643"
"7786915084_R03C01","GSM1344644"
"7786915084_R03C02","GSM1344645"
"7786915084_R04C01","GSM1344646"
"7786915084_R04C02","GSM1344647"
"7786915084_R05C01","GSM1344648"
"7786915084_R06C01","GSM1344649"
"7786915084_R06C02","GSM1344650"
"7786915090_R01C01","GSM1344651"
"7786915090_R02C01","GSM1344652"
"7786915090_R02C02","GSM1344653"
"7786915090_R03C01","GSM1344654"
"7786915090_R03C02","GSM1344655"
"7786915090_R04C01","GSM1344656"
"7786915090_R04C02","GSM1344657"
"7786915090_R05C01","GSM1344658"
"7786915090_R05C02","GSM1344659"
"7786915090_R06C01","GSM1344660"
"7786915090_R06C02","GSM1344661"
"7786915091_R01C02","GSM1344662"
"7786915091_R02C01","GSM1344663"
"7786915091_R02C02","GSM1344664"
"7786915091_R03C01","GSM1344665"
"7786915091_R03C02","GSM1344666"
"7786915091_R04C01","GSM1344667"
"7786915091_R04C02","GSM1344668"
"7786915091_R05C01","GSM1344669"
"7786915091_R05C02","GSM1344670"
"7786915091_R06C01","GSM1344671"
"7786915091_R06C02","GSM1344672"
"7786915092_R01C01","GSM1344673"
"7786915092_R01C02","GSM1344674"
"7786915092_R02C01","GSM1344675"
"7786915092_R02C02","GSM1344676"
"7786915092_R03C01","GSM1344677"
"7786915092_R03C02","GSM1344678"
"7786915092_R04C01","GSM1344679"
"7786915092_R04C02","GSM1344680"
"7786915092_R05C01","GSM1344681"
"7786915092_R05C02","GSM1344682"
"7786915092_R06C01","GSM1344683"
"7786915092_R06C02","GSM1344684"
"7786915093_R01C01","GSM1344685"
"7786915093_R01C02","GSM1344686"
"7786915093_R02C01","GSM1344687"
"7786915093_R02C02","GSM1344688"
"7786915093_R03C01","GSM1344689"
"7786915093_R03C02","GSM1344690"
"7786915093_R04C01","GSM1344691"
"7786915093_R04C02","GSM1344692"
"7786915093_R05C02","GSM1344693"
"7786915093_R06C01","GSM1344694"
"7786915093_R06C02","GSM1344695"
"7786915099_R01C01","GSM1344696"
"7786915099_R01C02","GSM1344697"
"7786915099_R02C01","GSM1344698"
"7786915099_R02C02","GSM1344699"
"7786915099_R03C01","GSM1344700"
"7786915099_R03C02","GSM1344701"
"7786915099_R04C01","GSM1344702"
"7786915099_R04C02","GSM1344703"
"7786915099_R05C01","GSM1344704"
"7786915099_R05C02","GSM1344705"
"7786915099_R06C01","GSM1344706"
"7786915099_R06C02","GSM1344707"
"7786915101_R01C01","GSM1344708"
"7786915101_R01C02","GSM1344709"
"7786915101_R02C01","GSM1344710"
"7786915101_R02C02","GSM1344711"
"7786915101_R03C01","GSM1344712"
"7786915101_R03C02","GSM1344713"
"7786915101_R04C01","GSM1344714"
"7786915101_R04C02","GSM1344715"
"7786915101_R05C02","GSM1344716"
"7786915101_R06C01","GSM1344717"
"7786915101_R06C02","GSM1344718"
"7786915103_R01C01","GSM1344719"
"7786915103_R01C02","GSM1344720"
"7786915103_R02C01","GSM1344721"
"7786915103_R03C01","GSM1344722"
"7786915103_R03C02","GSM1344723"
"7786915103_R04C01","GSM1344724"
"7786915103_R04C02","GSM1344725"
"7786915103_R05C01","GSM1344726"
"7786915103_R05C02","GSM1344727"
"7786915103_R06C01","GSM1344728"
"7786915103_R06C02","GSM1344729"
"7786915105_R01C01","GSM1344730"
"7786915105_R01C02","GSM1344731"
"7786915105_R02C02","GSM1344732"
"7786915105_R03C01","GSM1344733"
"7786915105_R03C02","GSM1344734"
"7786915105_R04C01","GSM1344735"
"7786915105_R04C02","GSM1344736"
"7786915105_R05C01","GSM1344737"
"7786915105_R05C02","GSM1344738"
"7786915105_R06C01","GSM1344739"
"7786915105_R06C02","GSM1344740"
"7786915107_R01C01","GSM1344741"
"7786915107_R01C02","GSM1344742"
"7786915107_R02C01","GSM1344743"
"7786915107_R02C02","GSM1344744"
"7786915107_R03C01","GSM1344745"
"7786915107_R03C02","GSM1344746"
"7786915107_R04C01","GSM1344747"
"7786915107_R04C02","GSM1344748"
"7786915107_R05C01","GSM1344749"
"7786915107_R05C02","GSM1344750"
"7786915107_R06C01","GSM1344751"
"7786915107_R06C02","GSM1344752"
"7786915108_R01C01","GSM1344753"
"7786915108_R01C02","GSM1344754"
"7786915108_R02C01","GSM1344755"
"7786915108_R02C02","GSM1344756"
"7786915108_R03C02","GSM1344757"
"7786915108_R04C01","GSM1344758"
"7786915108_R04C02","GSM1344759"
"7786915108_R05C01","GSM1344760"
"7786915108_R05C02","GSM1344761"
"7786915108_R06C01","GSM1344762"
"7786915108_R06C02","GSM1344763"
"7786915109_R01C02","GSM1344764"
"7786915109_R02C01","GSM1344765"
"7786915109_R02C02","GSM1344766"
"7786915109_R03C01","GSM1344767"
"7786915109_R03C02","GSM1344768"
"7786915109_R04C01","GSM1344769"
"7786915109_R04C02","GSM1344770"
"7786915109_R05C01","GSM1344771"
"7786915109_R05C02","GSM1344772"
"7786915109_R06C01","GSM1344773"
"7786915109_R06C02","GSM1344774"
"7786915112_R01C01","GSM1344775"
"7786915112_R01C02","GSM1344776"
"7786915112_R02C01","GSM1344777"
"7786915112_R02C02","GSM1344778"
"7786915112_R03C01","GSM1344779"
"7786915112_R04C01","GSM1344780"
"7786915112_R04C02","GSM1344781"
"7786915112_R05C01","GSM1344782"
"7786915112_R05C02","GSM1344783"
"7786915112_R06C01","GSM1344784"
"7786915112_R06C02","GSM1344785"
"7786915113_R01C01","GSM1344786"
"7786915113_R01C02","GSM1344787"
"7786915113_R02C01","GSM1344788"
"7786915113_R02C02","GSM1344789"
"7786915113_R03C01","GSM1344790"
"7786915113_R03C02","GSM1344791"
"7786915113_R04C01","GSM1344792"
"7786915113_R04C02","GSM1344793"
"7786915113_R05C01","GSM1344794"
"7786915113_R05C02","GSM1344795"
"7786915113_R06C01","GSM1344796"
"7786915114_R01C01","GSM1344797"
"7786915114_R02C01","GSM1344798"
"7786915114_R02C02","GSM1344799"
"7786915114_R03C01","GSM1344800"
"7786915114_R03C02","GSM1344801"
"7786915114_R04C01","GSM1344802"
"7786915114_R04C02","GSM1344803"
"7786915114_R05C01","GSM1344804"
"7786915114_R05C02","GSM1344805"
"7786915114_R06C01","GSM1344806"
"7786915114_R06C02","GSM1344807"
"7786915117_R01C01","GSM1344808"
"7786915117_R01C02","GSM1344809"
"7786915117_R02C01","GSM1344810"
"7786915117_R02C02","GSM1344811"
"7786915117_R03C01","GSM1344812"
"7786915117_R03C02","GSM1344813"
"7786915117_R04C02","GSM1344814"
"7786915117_R05C01","GSM1344815"
"7786915117_R05C02","GSM1344816"
"7786915117_R06C01","GSM1344817"
"7786915117_R06C02","GSM1344818"
"7786915119_R01C01","GSM1344819"
"7786915119_R01C02","GSM1344820"
"7786915119_R02C01","GSM1344821"
"7786915119_R02C02","GSM1344822"
"7786915119_R03C01","GSM1344823"
"7786915119_R03C02","GSM1344824"
"7786915119_R04C01","GSM1344825"
"7786915119_R04C02","GSM1344826"
"7786915119_R05C01","GSM1344827"
"7786915119_R05C02","GSM1344828"
"7786915119_R06C01","GSM1344829"
"7786915119_R06C02","GSM1344830"
"7786915120_R01C01","GSM1344831"
"7786915120_R01C02","GSM1344832"
"7786915120_R02C01","GSM1344833"
"7786915120_R02C02","GSM1344834"
"7786915120_R03C01","GSM1344835"
"7786915120_R03C02","GSM1344836"
"7786915120_R04C01","GSM1344837"
"7786915120_R05C01","GSM1344838"
"7786915120_R05C02","GSM1344839"
"7786915120_R06C01","GSM1344840"
"7786915120_R06C02","GSM1344841"
"7786915121_R01C01","GSM1344842"
"7786915121_R01C02","GSM1344843"
"7786915121_R02C01","GSM1344844"
"7786915121_R02C02","GSM1344845"
"7786915121_R03C02","GSM1344846"
"7786915121_R04C01","GSM1344847"
"7786915121_R04C02","GSM1344848"
"7786915121_R05C01","GSM1344849"
"7786915121_R05C02","GSM1344850"
"7786915121_R06C01","GSM1344851"
"7786915121_R06C02","GSM1344852"
"7786915122_R01C01","GSM1344853"
"7786915122_R01C02","GSM1344854"
"7786915122_R02C01","GSM1344855"
"7786915122_R02C02","GSM1344856"
"7786915122_R03C01","GSM1344857"
"7786915122_R03C02","GSM1344858"
"7786915122_R04C01","GSM1344859"
"7786915122_R04C02","GSM1344860"
"7786915122_R05C01","GSM1344861"
"7786915122_R05C02","GSM1344862"
"7786915122_R06C01","GSM1344863"
"7786915122_R06C02","GSM1344864"
"7786915123_R01C01","GSM1344865"
"7786915123_R01C02","GSM1344866"
"7786915123_R02C01","GSM1344867"
"7786915123_R02C02","GSM1344868"
"7786915123_R03C01","GSM1344869"
"7786915123_R03C02","GSM1344870"
"7786915123_R04C01","GSM1344871"
"7786915123_R04C02","GSM1344872"
"7786915123_R05C01","GSM1344873"
"7786915123_R05C02","GSM1344874"
"7786915123_R06C01","GSM1344875"
"7786915126_R01C01","GSM1344876"
"7786915126_R01C02","GSM1344877"
"7786915126_R02C01","GSM1344878"
"7786915126_R02C02","GSM1344879"
"7786915126_R03C02","GSM1344880"
"7786915126_R04C01","GSM1344881"
"7786915126_R04C02","GSM1344882"
"7786915126_R05C01","GSM1344883"
"7786915126_R05C02","GSM1344884"
"7786915126_R06C01","GSM1344885"
"7786915126_R06C02","GSM1344886"
"7786915127_R01C01","GSM1344887"
"7786915127_R01C02","GSM1344888"
"7786915127_R02C01","GSM1344889"
"7786915127_R02C02","GSM1344890"
"7786915127_R03C01","GSM1344891"
"7786915127_R03C02","GSM1344892"
"7786915127_R04C01","GSM1344893"
"7786915127_R04C02","GSM1344894"
"7786915127_R05C01","GSM1344895"
"7786915127_R05C02","GSM1344896"
"7786915127_R06C01","GSM1344897"
"7786915127_R06C02","GSM1344898"
"7786915128_R01C01","GSM1344899"
"7786915128_R01C02","GSM1344900"
"7786915128_R02C01","GSM1344901"
"7786915128_R02C02","GSM1344902"
"7786915128_R03C01","GSM1344903"
"7786915128_R03C02","GSM1344904"
"7786915128_R04C01","GSM1344905"
"7786915128_R04C02","GSM1344906"
"7786915128_R05C01","GSM1344907"
"7786915128_R05C02","GSM1344908"
"7786915128_R06C01","GSM1344909"
"7786915128_R06C02","GSM1344910"
"7786915129_R01C01","GSM1344911"
"7786915129_R01C02","GSM1344912"
"7786915129_R02C01","GSM1344913"
"7786915129_R02C02","GSM1344914"
"7786915129_R03C01","GSM1344915"
"7786915129_R03C02","GSM1344916"
"7786915129_R04C01","GSM1344917"
"7786915129_R04C02","GSM1344918"
"7786915129_R05C01","GSM1344919"
"7786915129_R06C01","GSM1344920"
"7786915129_R06C02","GSM1344921"
"7786915130_R01C01","GSM1344922"
"7786915130_R01C02","GSM1344923"
"7786915130_R02C01","GSM1344924"
"7786915130_R02C02","GSM1344925"
"7786915130_R03C01","GSM1344926"
"7786915130_R04C01","GSM1344927"
"7786915130_R05C02","GSM1344928"
"7786915130_R06C01","GSM1344929"
"7786915130_R06C02","GSM1344930"
"7786915132_R01C01","GSM1344931"
"7786915132_R01C02","GSM1344932"
"7786915132_R02C01","GSM1344933"
"7786915132_R02C02","GSM1344934"
"7786915132_R03C01","GSM1344935"
"7786915132_R03C02","GSM1344936"
"7786915132_R04C01","GSM1344937"
"7786915132_R04C02","GSM1344938"
"7786915132_R05C01","GSM1344939"
"7786915132_R05C02","GSM1344940"
"7786915132_R06C01","GSM1344941"
"7786915132_R06C02","GSM1344942"
"7786915133_R01C01","GSM1344943"
"7786915133_R01C02","GSM1344944"
"7786915133_R02C01","GSM1344945"
"7786915133_R02C02","GSM1344946"
"7786915133_R03C01","GSM1344947"
"7786915133_R03C02","GSM1344948"
"7786915133_R04C01","GSM1344949"
"7786915133_R04C02","GSM1344950"
"7786915133_R05C01","GSM1344951"
"7786915133_R05C02","GSM1344952"
"7786915133_R06C01","GSM1344953"
"7786915133_R06C02","GSM1344954"
"7786915134_R01C02","GSM1344955"
"7786915134_R02C01","GSM1344956"
"7786915134_R02C02","GSM1344957"
"7786915134_R03C01","GSM1344958"
"7786915134_R04C02","GSM1344959"
"7786915134_R05C01","GSM1344960"
"7786915134_R05C02","GSM1344961"
"7786915134_R06C01","GSM1344962"
"7786915134_R06C02","GSM1344963"
"7786915135_R01C01","GSM1344964"
"7786915135_R01C02","GSM1344965"
"7786915135_R02C01","GSM1344966"
"7786915135_R03C01","GSM1344967"
"7786915135_R03C02","GSM1344968"
"7786915135_R04C01","GSM1344969"
"7786915135_R05C01","GSM1344970"
"7786915135_R05C02","GSM1344971"
"7786915135_R06C01","GSM1344972"
"7786915135_R06C02","GSM1344973"
"7786915137_R01C01","GSM1344974"
"7786915137_R01C02","GSM1344975"
"7786915137_R02C01","GSM1344976"
"7786915137_R02C02","GSM1344977"
"7786915137_R03C01","GSM1344978"
"7786915137_R03C02","GSM1344979"
"7786915137_R04C02","GSM1344980"
"7786915137_R05C01","GSM1344981"
"7786915137_R06C01","GSM1344982"
"7786915138_R01C01","GSM1344983"
"7786915138_R01C02","GSM1344984"
"7786915138_R02C01","GSM1344985"
"7786915138_R02C02","GSM1344986"
"7786915138_R03C01","GSM1344987"
"7786915138_R03C02","GSM1344988"
"7786915138_R04C01","GSM1344989"
"7786915138_R04C02","GSM1344990"
"7786915138_R05C01","GSM1344991"
"7786915138_R05C02","GSM1344992"
"7786915138_R06C01","GSM1344993"
"7786915138_R06C02","GSM1344994"
"7786915141_R01C01","GSM1344995"
"7786915141_R01C02","GSM1344996"
"7786915141_R02C01","GSM1344997"
"7786915141_R02C02","GSM1344998"
"7786915141_R03C01","GSM1344999"
"7786915141_R03C02","GSM1345000"
"7786915141_R04C01","GSM1345001"
"7786915141_R04C02","GSM1345002"
"7786915141_R05C01","GSM1345003"
"7786915141_R05C02","GSM1345004"
"7786915141_R06C01","GSM1345005"
"7786915141_R06C02","GSM1345006"
"7786915144_R01C01","GSM1345007"
"7786915144_R01C02","GSM1345008"
"7786915144_R02C01","GSM1345009"
"7786915144_R02C02","GSM1345010"
"7786915144_R03C01","GSM1345011"
"7786915144_R03C02","GSM1345012"
"7786915144_R04C02","GSM1345013"
"7786915144_R05C01","GSM1345014"
"7786915144_R05C02","GSM1345015"
"7786915144_R06C01","GSM1345016"
"7786915144_R06C02","GSM1345017"
"7786915148_R01C01","GSM1345018"
"7786915148_R01C02","GSM1345019"
"7786915148_R02C01","GSM1345020"
"7786915148_R02C02","GSM1345021"
"7786915148_R03C01","GSM1345022"
"7786915148_R03C02","GSM1345023"
"7786915148_R04C01","GSM1345024"
"7786915148_R04C02","GSM1345025"
"7786915148_R05C01","GSM1345026"
"7786915148_R05C02","GSM1345027"
"7786915148_R06C01","GSM1345028"
"7786915148_R06C02","GSM1345029"
"7786915149_R01C01","GSM1345030"
"7786915149_R01C02","GSM1345031"
"7786915149_R02C01","GSM1345032"
"7786915149_R02C02","GSM1345033"
"7786915149_R03C01","GSM1345034"
"7786915149_R04C01","GSM1345035"
"7786915149_R04C02","GSM1345036"
"7786915149_R05C01","GSM1345037"
"7786915149_R05C02","GSM1345038"
"7786915149_R06C01","GSM1345039"
"7786915149_R06C02","GSM1345040"
"7786915150_R01C01","GSM1345041"
"7786915150_R01C02","GSM1345042"
"7786915150_R02C01","GSM1345043"
"7786915150_R02C02","GSM1345044"
"7786915150_R03C01","GSM1345045"
"7786915150_R03C02","GSM1345046"
"7786915150_R04C01","GSM1345047"
"7786915150_R04C02","GSM1345048"
"7786915150_R05C01","GSM1345049"
"7786915150_R05C02","GSM1345050"
"7786915150_R06C01","GSM1345051"
"7786915150_R06C02","GSM1345052"
"7786915151_R01C01","GSM1345053"
"7786915151_R01C02","GSM1345054"
"7786915151_R02C01","GSM1345055"
"7786915151_R02C02","GSM1345056"
"7786915151_R03C01","GSM1345057"
"7786915151_R03C02","GSM1345058"
"7786915151_R04C01","GSM1345059"
"7786915151_R04C02","GSM1345060"
"7786915151_R05C01","GSM1345061"
"7786915151_R05C02","GSM1345062"
"7786915151_R06C01","GSM1345063"
"7786915151_R06C02","GSM1345064"
"7786915152_R01C01","GSM1345065"
"7786915152_R01C02","GSM1345066"
"7786915152_R02C01","GSM1345067"
"7786915152_R02C02","GSM1345068"
"7786915152_R03C01","GSM1345069"
"7786915152_R03C02","GSM1345070"
"7786915152_R04C02","GSM1345071"
"7786915152_R05C01","GSM1345072"
"7786915152_R05C02","GSM1345073"
"7786915152_R06C01","GSM1345074"
"7786915152_R06C02","GSM1345075"
"7786915153_R01C01","GSM1345076"
"7786915153_R01C02","GSM1345077"
"7786915153_R02C01","GSM1345078"
"7786915153_R02C02","GSM1345079"
"7786915153_R03C01","GSM1345080"
"7786915153_R03C02","GSM1345081"
"7786915153_R04C01","GSM1345082"
"7786915153_R04C02","GSM1345083"
"7786915153_R05C02","GSM1345084"
"7786915153_R06C01","GSM1345085"
"7786915153_R06C02","GSM1345086"
"7786915156_R01C01","GSM1345087"
"7786915156_R01C02","GSM1345088"
"7786915156_R02C01","GSM1345089"
"7786915156_R02C02","GSM1345090"
"7786915156_R03C01","GSM1345091"
"7786915156_R04C01","GSM1345092"
"7786915156_R04C02","GSM1345093"
"7786915156_R05C01","GSM1345094"
"7786915156_R05C02","GSM1345095"
"7786915156_R06C01","GSM1345096"
"7786915156_R06C02","GSM1345097"
"7786915158_R01C02","GSM1345098"
"7786915158_R02C01","GSM1345099"
"7786915158_R03C01","GSM1345100"
"7786915158_R03C02","GSM1345101"
"7786915158_R04C01","GSM1345102"
"7786915158_R04C02","GSM1345103"
"7786915158_R05C01","GSM1345104"
"7786915158_R05C02","GSM1345105"
"7786915158_R06C01","GSM1345106"
"7786915158_R06C02","GSM1345107"
"7786915159_R01C01","GSM1345108"
"7786915159_R01C02","GSM1345109"
"7786915159_R02C01","GSM1345110"
"7786915159_R02C02","GSM1345111"
"7786915159_R03C01","GSM1345112"
"7786915159_R03C02","GSM1345113"
"7786915159_R04C01","GSM1345114"
"7786915159_R04C02","GSM1345115"
"7786915159_R05C01","GSM1345116"
"7786915159_R05C02","GSM1345117"
"7786915159_R06C01","GSM1345118"
"7786915159_R06C02","GSM1345119"
"7786915160_R01C01","GSM1345120"
"7786915160_R01C02","GSM1345121"
"7786915160_R02C02","GSM1345122"
"7786915160_R03C01","GSM1345123"
"7786915160_R03C02","GSM1345124"
"7786915160_R04C01","GSM1345125"
"7786915160_R04C02","GSM1345126"
"7786915160_R05C01","GSM1345127"
"7786915160_R05C02","GSM1345128"
"7786915160_R06C01","GSM1345129"
"7786915160_R06C02","GSM1345130"
"7786915161_R01C01","GSM1345131"
"7786915161_R01C02","GSM1345132"
"7786915161_R02C01","GSM1345133"
"7786915161_R02C02","GSM1345134"
"7786915161_R03C01","GSM1345135"
"7786915161_R03C02","GSM1345136"
"7786915161_R04C01","GSM1345137"
"7786915161_R04C02","GSM1345138"
"7786915161_R05C01","GSM1345139"
"7786915161_R05C02","GSM1345140"
"7786915161_R06C01","GSM1345141"
"7786915161_R06C02","GSM1345142"
"7786915166_R01C01","GSM1345143"
"7786915166_R01C02","GSM1345144"
"7786915166_R02C01","GSM1345145"
"7786915166_R02C02","GSM1345146"
"7786915166_R03C01","GSM1345147"
"7786915166_R03C02","GSM1345148"
"7786915166_R04C01","GSM1345149"
"7786915166_R04C02","GSM1345150"
"7786915166_R05C01","GSM1345151"
"7786915166_R05C02","GSM1345152"
"7786915166_R06C01","GSM1345153"
"7786915166_R06C02","GSM1345154"
"7786923001_R01C01","GSM1345155"
"7786923001_R01C02","GSM1345156"
"7786923001_R02C01","GSM1345157"
"7786923001_R02C02","GSM1345158"
"7786923001_R03C02","GSM1345159"
"7786923001_R04C01","GSM1345160"
"7786923001_R04C02","GSM1345161"
"7786923001_R05C01","GSM1345162"
"7786923001_R05C02","GSM1345163"
"7786923001_R06C02","GSM1345164"
"7786923002_R01C02","GSM1345165"
"7786923002_R02C01","GSM1345166"
"7786923002_R02C02","GSM1345167"
"7786923002_R03C02","GSM1345168"
"7786923002_R04C01","GSM1345169"
"7786923002_R04C02","GSM1345170"
"7786923002_R05C01","GSM1345171"
"7786923002_R05C02","GSM1345172"
"7786923002_R06C01","GSM1345173"
"7786923002_R06C02","GSM1345174"
"7786923003_R01C01","GSM1345175"
"7786923003_R01C02","GSM1345176"
"7786923003_R02C01","GSM1345177"
"7786923003_R02C02","GSM1345178"
"7786923003_R03C02","GSM1345179"
"7786923003_R04C01","GSM1345180"
"7786923003_R04C02","GSM1345181"
"7786923003_R05C01","GSM1345182"
"7786923003_R05C02","GSM1345183"
"7786923003_R06C01","GSM1345184"
"7786923003_R06C02","GSM1345185"
"7786923004_R01C01","GSM1345186"
"7786923004_R01C02","GSM1345187"
"7786923004_R02C01","GSM1345188"
"7786923004_R02C02","GSM1345189"
"7786923004_R03C02","GSM1345190"
"7786923004_R04C01","GSM1345191"
"7786923004_R04C02","GSM1345192"
"7786923004_R05C01","GSM1345193"
"7786923004_R05C02","GSM1345194"
"7786923004_R06C01","GSM1345195"
"7786923004_R06C02","GSM1345196"
"7786923005_R01C01","GSM1345197"
"7786923005_R01C02","GSM1345198"
"7786923005_R02C01","GSM1345199"
"7786923005_R03C01","GSM1345200"
"7786923005_R03C02","GSM1345201"
"7786923005_R04C01","GSM1345202"
"7786923005_R04C02","GSM1345203"
"7786923005_R05C01","GSM1345204"
"7786923005_R05C02","GSM1345205"
"7786923005_R06C01","GSM1345206"
"7786923005_R06C02","GSM1345207"
"7786923006_R01C02","GSM1345208"
"7786923006_R02C01","GSM1345209"
"7786923006_R02C02","GSM1345210"
"7786923006_R03C01","GSM1345211"
"7786923006_R03C02","GSM1345212"
"7786923006_R04C01","GSM1345213"
"7786923006_R04C02","GSM1345214"
"7786923006_R05C01","GSM1345215"
"7786923006_R05C02","GSM1345216"
"7786923006_R06C01","GSM1345217"
"7786923006_R06C02","GSM1345218"
"7786923008_R01C01","GSM1345219"
"7786923008_R01C02","GSM1345220"
"7786923008_R02C01","GSM1345221"
"7786923008_R02C02","GSM1345222"
"7786923008_R03C01","GSM1345223"
"7786923008_R03C02","GSM1345224"
"7786923008_R04C01","GSM1345225"
"7786923008_R04C02","GSM1345226"
"7786923008_R05C01","GSM1345227"
"7786923008_R06C01","GSM1345228"
"7786923008_R06C02","GSM1345229"
"7786923010_R01C01","GSM1345230"
"7786923010_R01C02","GSM1345231"
"7786923010_R02C01","GSM1345232"
"7786923010_R02C02","GSM1345233"
"7786923010_R03C01","GSM1345234"
"7786923010_R03C02","GSM1345235"
"7786923010_R04C01","GSM1345236"
"7786923010_R04C02","GSM1345237"
"7786923010_R05C01","GSM1345238"
"7786923010_R05C02","GSM1345239"
"7786923010_R06C01","GSM1345240"
"7786923010_R06C02","GSM1345241"
"7786923011_R01C01","GSM1345242"
"7786923011_R01C02","GSM1345243"
"7786923011_R02C01","GSM1345244"
"7786923011_R02C02","GSM1345245"
"7786923011_R03C01","GSM1345246"
"7786923011_R03C02","GSM1345247"
"7786923011_R04C01","GSM1345248"
"7786923011_R04C02","GSM1345249"
"7786923011_R05C01","GSM1345250"
"7786923011_R05C02","GSM1345251"
"7786923011_R06C01","GSM1345252"
"7786923011_R06C02","GSM1345253"
"7786923012_R01C01","GSM1345254"
"7786923012_R01C02","GSM1345255"
"7786923012_R02C01","GSM1345256"
"7786923012_R02C02","GSM1345257"
"7786923012_R03C01","GSM1345258"
"7786923012_R03C02","GSM1345259"
"7786923012_R04C01","GSM1345260"
"7786923012_R04C02","GSM1345261"
"7786923012_R05C01","GSM1345262"
"7786923012_R05C02","GSM1345263"
"7786923012_R06C01","GSM1345264"
"7786923012_R06C02","GSM1345265"
"7786923013_R01C01","GSM1345266"
"7786923013_R01C02","GSM1345267"
"7786923013_R02C01","GSM1345268"
"7786923013_R02C02","GSM1345269"
"7786923013_R03C01","GSM1345270"
"7786923013_R03C02","GSM1345271"
"7786923013_R04C01","GSM1345272"
"7786923013_R04C02","GSM1345273"
"7786923013_R05C01","GSM1345274"
"7786923013_R05C02","GSM1345275"
"7786923013_R06C01","GSM1345276"
"7786923013_R06C02","GSM1345277"
"7786923014_R01C02","GSM1345278"
"7786923014_R02C01","GSM1345279"
"7786923014_R02C02","GSM1345280"
"7786923014_R03C01","GSM1345281"
"7786923014_R03C02","GSM1345282"
"7786923014_R04C01","GSM1345283"
"7786923014_R04C02","GSM1345284"
"7786923014_R05C01","GSM1345285"
"7786923014_R05C02","GSM1345286"
"7786923014_R06C01","GSM1345287"
"7786923014_R06C02","GSM1345288"
"7786923015_R01C01","GSM1345289"
"7786923015_R01C02","GSM1345290"
"7786923015_R02C01","GSM1345291"
"7786923015_R03C01","GSM1345292"
"7786923015_R03C02","GSM1345293"
"7786923015_R04C01","GSM1345294"
"7786923015_R04C02","GSM1345295"
"7786923015_R05C01","GSM1345296"
"7786923015_R06C01","GSM1345297"
"7786923015_R06C02","GSM1345298"
"7786923016_R01C01","GSM1345299"
"7786923016_R01C02","GSM1345300"
"7786923016_R02C01","GSM1345301"
"7786923016_R02C02","GSM1345302"
"7786923016_R03C01","GSM1345303"
"7786923016_R03C02","GSM1345304"
"7786923016_R04C01","GSM1345305"
"7786923016_R04C02","GSM1345306"
"7786923016_R05C01","GSM1345307"
"7786923016_R05C02","GSM1345308"
"7786923016_R06C01","GSM1345309"
"7786923016_R06C02","GSM1345310"
"7786923017_R01C01","GSM1345311"
"7786923017_R01C02","GSM1345312"
"7786923017_R02C01","GSM1345313"
"7786923017_R02C02","GSM1345314"
"7786923017_R03C01","GSM1345315"
"7786923017_R03C02","GSM1345316"
"7786923017_R04C01","GSM1345317"
"7786923017_R04C02","GSM1345318"
"7786923017_R05C01","GSM1345319"
"7786923017_R05C02","GSM1345320"
"7786923017_R06C01","GSM1345321"
"7786923017_R06C02","GSM1345322"
"7786923018_R01C01","GSM1345323"
"7786923018_R01C02","GSM1345324"
"7786923018_R02C01","GSM1345325"
"7786923018_R02C02","GSM1345326"
"7786923018_R03C01","GSM1345327"
"7786923018_R03C02","GSM1345328"
"7786923018_R04C01","GSM1345329"
"7786923018_R04C02","GSM1345330"
"7786923018_R05C01","GSM1345331"
"7786923018_R05C02","GSM1345332"
"7786923018_R06C01","GSM1345333"
"7786923018_R06C02","GSM1345334"
"7786923019_R01C01","GSM1345335"
"7786923019_R01C02","GSM1345336"
"7786923019_R02C01","GSM1345337"
"7786923019_R02C02","GSM1345338"
"7786923019_R03C01","GSM1345339"
"7786923019_R03C02","GSM1345340"
"7786923019_R04C01","GSM1345341"
"7786923019_R04C02","GSM1345342"
"7786923019_R05C01","GSM1345343"
"7786923019_R05C02","GSM1345344"
"7786923019_R06C01","GSM1345345"
"7786923019_R06C02","GSM1345346"
"7786923020_R01C01","GSM1345347"
"7786923020_R01C02","GSM1345348"
"7786923020_R02C02","GSM1345349"
"7786923020_R03C01","GSM1345350"
"7786923020_R03C02","GSM1345351"
"7786923020_R04C01","GSM1345352"
"7786923020_R04C02","GSM1345353"
"7786923020_R05C02","GSM1345354"
"7786923020_R06C01","GSM1345355"
"7786923020_R06C02","GSM1345356"
"7786923022_R01C01","GSM1345357"
"7786923022_R01C02","GSM1345358"
"7786923022_R02C01","GSM1345359"
"7786923022_R02C02","GSM1345360"
"7786923022_R03C01","GSM1345361"
"7786923022_R03C02","GSM1345362"
"7786923022_R04C01","GSM1345363"
"7786923022_R04C02","GSM1345364"
"7786923022_R05C01","GSM1345365"
"7786923022_R06C01","GSM1345366"
"7786923022_R06C02","GSM1345367"
"7786923023_R01C01","GSM1345368"
"7786923023_R01C02","GSM1345369"
"7786923023_R02C02","GSM1345370"
"7786923023_R03C01","GSM1345371"
"7786923023_R04C01","GSM1345372"
"7786923023_R04C02","GSM1345373"
"7786923023_R05C01","GSM1345374"
"7786923023_R05C02","GSM1345375"
"7786923023_R06C01","GSM1345376"
"7786923023_R06C02","GSM1345377"
"7786923024_R01C01","GSM1345378"
"7786923024_R01C02","GSM1345379"
"7786923024_R02C01","GSM1345380"
"7786923024_R02C02","GSM1345381"
"7786923024_R03C01","GSM1345382"
"7786923024_R03C02","GSM1345383"
"7786923024_R04C01","GSM1345384"
"7786923024_R04C02","GSM1345385"
"7786923024_R05C01","GSM1345386"
"7786923024_R05C02","GSM1345387"
"7786923024_R06C01","GSM1345388"
"7786923024_R06C02","GSM1345389"
"7786923025_R01C01","GSM1345390"
"7786923025_R01C02","GSM1345391"
"7786923025_R02C01","GSM1345392"
"7786923025_R02C02","GSM1345393"
"7786923025_R03C01","GSM1345394"
"7786923025_R03C02","GSM1345395"
"7786923025_R04C01","GSM1345396"
"7786923025_R04C02","GSM1345397"
"7786923025_R05C01","GSM1345398"
"7786923025_R05C02","GSM1345399"
"7786923025_R06C01","GSM1345400"
"7786923025_R06C02","GSM1345401"
"7786923026_R01C01","GSM1345402"
"7786923026_R01C02","GSM1345403"
"7786923026_R02C01","GSM1345404"
"7786923026_R02C02","GSM1345405"
"7786923026_R03C01","GSM1345406"
"7786923026_R03C02","GSM1345407"
"7786923026_R04C01","GSM1345408"
"7786923026_R04C02","GSM1345409"
"7786923026_R05C01","GSM1345410"
"7786923026_R05C02","GSM1345411"
"7786923026_R06C01","GSM1345412"
"7786923026_R06C02","GSM1345413"
"7786923027_R01C01","GSM1345414"
"7786923027_R01C02","GSM1345415"
"7786923027_R02C01","GSM1345416"
"7786923027_R02C02","GSM1345417"
"7786923027_R03C01","GSM1345418"
"7786923027_R03C02","GSM1345419"
"7786923027_R04C01","GSM1345420"
"7786923027_R04C02","GSM1345421"
"7786923027_R05C01","GSM1345422"
"7786923027_R06C01","GSM1345423"
"7786923027_R06C02","GSM1345424"
"7786923028_R01C01","GSM1345425"
"7786923028_R01C02","GSM1345426"
"7786923028_R02C01","GSM1345427"
"7786923028_R02C02","GSM1345428"
"7786923028_R03C02","GSM1345429"
"7786923028_R04C01","GSM1345430"
"7786923028_R04C02","GSM1345431"
"7786923028_R05C01","GSM1345432"
"7786923028_R06C01","GSM1345433"
"7786923028_R06C02","GSM1345434"
"7786923029_R01C01","GSM1345435"
"7786923029_R01C02","GSM1345436"
"7786923029_R02C01","GSM1345437"
"7786923029_R03C01","GSM1345438"
"7786923029_R03C02","GSM1345439"
"7786923029_R04C01","GSM1345440"
"7786923029_R04C02","GSM1345441"
"7786923029_R05C01","GSM1345442"
"7786923029_R05C02","GSM1345443"
"7786923029_R06C01","GSM1345444"
"7786923029_R06C02","GSM1345445"
"7786923030_R01C01","GSM1345446"
"7786923030_R01C02","GSM1345447"
"7786923030_R02C01","GSM1345448"
"7786923030_R02C02","GSM1345449"
"7786923030_R03C01","GSM1345450"
"7786923030_R03C02","GSM1345451"
"7786923030_R04C01","GSM1345452"
"7786923030_R05C01","GSM1345453"
"7786923030_R06C01","GSM1345454"
"7786923030_R06C02","GSM1345455"
"7786923031_R01C01","GSM1345456"
"7786923031_R01C02","GSM1345457"
"7786923031_R02C01","GSM1345458"
"7786923031_R02C02","GSM1345459"
"7786923031_R03C02","GSM1345460"
"7786923031_R04C01","GSM1345461"
"7786923031_R04C02","GSM1345462"
"7786923031_R05C01","GSM1345463"
"7786923031_R05C02","GSM1345464"
"7786923031_R06C01","GSM1345465"
"7786923031_R06C02","GSM1345466"
"7786923035_R01C02","GSM1345467"
"7786923035_R02C01","GSM1345468"
"7786923035_R02C02","GSM1345469"
"7786923035_R03C01","GSM1345470"
"7786923035_R03C02","GSM1345471"
"7786923035_R04C01","GSM1345472"
"7786923035_R04C02","GSM1345473"
"7786923035_R05C01","GSM1345474"
"7786923035_R05C02","GSM1345475"
"7786923035_R06C01","GSM1345476"
"7786923035_R06C02","GSM1345477"
"7786923036_R01C01","GSM1345478"
"7786923036_R01C02","GSM1345479"
"7786923036_R02C01","GSM1345480"
"7786923036_R02C02","GSM1345481"
"7786923036_R03C01","GSM1345482"
"7786923036_R03C02","GSM1345483"
"7786923036_R04C02","GSM1345484"
"7786923036_R05C01","GSM1345485"
"7786923036_R05C02","GSM1345486"
"7786923036_R06C01","GSM1345487"
"7786923036_R06C02","GSM1345488"
"7786923037_R01C01","GSM1345489"
"7786923037_R01C02","GSM1345490"
"7786923037_R02C01","GSM1345491"
"7786923037_R02C02","GSM1345492"
"7786923037_R03C01","GSM1345493"
"7786923037_R03C02","GSM1345494"
"7786923037_R04C01","GSM1345495"
"7786923037_R04C02","GSM1345496"
"7786923037_R05C01","GSM1345497"
"7786923037_R05C02","GSM1345498"
"7786923037_R06C01","GSM1345499"
"7786923037_R06C02","GSM1345500"
"7786923038_R01C01","GSM1345501"
"7786923038_R01C02","GSM1345502"
"7786923038_R02C01","GSM1345503"
"7786923038_R02C02","GSM1345504"
"7786923038_R03C01","GSM1345505"
"7786923038_R04C01","GSM1345506"
"7786923038_R04C02","GSM1345507"
"7786923038_R05C01","GSM1345508"
"7786923038_R05C02","GSM1345509"
"7786923040_R01C02","GSM1345510"
"7786923040_R02C01","GSM1345511"
"7786923040_R02C02","GSM1345512"
"7786923040_R03C01","GSM1345513"
"7786923040_R03C02","GSM1345514"
"7786923040_R04C01","GSM1345515"
"7786923040_R04C02","GSM1345516"
"7786923040_R05C01","GSM1345517"
"7786923040_R05C02","GSM1345518"
"7786923040_R06C01","GSM1345519"
"7786923040_R06C02","GSM1345520"
"7786923041_R01C01","GSM1345521"
"7786923041_R01C02","GSM1345522"
"7786923041_R03C01","GSM1345523"
"7786923041_R03C02","GSM1345524"
"7786923041_R04C01","GSM1345525"
"7786923041_R04C02","GSM1345526"
"7786923041_R05C01","GSM1345527"
"7786923041_R05C02","GSM1345528"
"7786923041_R06C01","GSM1345529"
"7786923041_R06C02","GSM1345530"
"7786923042_R01C01","GSM1345531"
"7786923042_R01C02","GSM1345532"
"7786923042_R02C01","GSM1345533"
"7786923042_R02C02","GSM1345534"
"7786923042_R03C02","GSM1345535"
"7786923042_R04C01","GSM1345536"
"7786923042_R04C02","GSM1345537"
"7786923042_R05C01","GSM1345538"
"7786923042_R05C02","GSM1345539"
"7786923042_R06C01","GSM1345540"
"7786923042_R06C02","GSM1345541"
"7786923044_R01C01","GSM1345542"
"7786923044_R01C02","GSM1345543"
"7786923044_R02C01","GSM1345544"
"7786923044_R02C02","GSM1345545"
"7786923044_R03C01","GSM1345546"
"7786923044_R03C02","GSM1345547"
"7786923044_R04C01","GSM1345548"
"7786923044_R04C02","GSM1345549"
"7786923044_R05C02","GSM1345550"
"7786923044_R06C01","GSM1345551"
"7786923044_R06C02","GSM1345552"
"7786923049_R01C01","GSM1345553"
"7786923049_R01C02","GSM1345554"
"7786923049_R02C01","GSM1345555"
"7786923049_R02C02","GSM1345556"
"7786923049_R03C01","GSM1345557"
"7786923049_R03C02","GSM1345558"
"7786923049_R04C01","GSM1345559"
"7786923049_R04C02","GSM1345560"
"7786923049_R05C01","GSM1345561"
"7786923049_R05C02","GSM1345562"
"7786923049_R06C01","GSM1345563"
"7786923049_R06C02","GSM1345564"
"7786923050_R01C01","GSM1345565"
"7786923050_R02C01","GSM1345566"
"7786923050_R02C02","GSM1345567"
"7786923050_R03C02","GSM1345568"
"7786923050_R04C01","GSM1345569"
"7786923050_R04C02","GSM1345570"
"7786923050_R05C01","GSM1345571"
"7786923050_R05C02","GSM1345572"
"7786923050_R06C01","GSM1345573"
"7786923050_R06C02","GSM1345574"
"7786923056_R01C01","GSM1345575"
"7786923056_R01C02","GSM1345576"
"7786923056_R02C01","GSM1345577"
"7786923056_R03C01","GSM1345578"
"7786923056_R03C02","GSM1345579"
"7786923056_R04C01","GSM1345580"
"7786923056_R04C02","GSM1345581"
"7786923056_R05C01","GSM1345582"
"7786923056_R05C02","GSM1345583"
"7786923056_R06C01","GSM1345584"
"7786923056_R06C02","GSM1345585"
"7786923059_R01C01","GSM1345586"
"7786923059_R01C02","GSM1345587"
"7786923059_R02C01","GSM1345588"
"7786923059_R02C02","GSM1345589"
"7786923059_R03C01","GSM1345590"
"7786923059_R03C02","GSM1345591"
"7786923059_R05C01","GSM1345592"
"7786923059_R05C02","GSM1345593"
"7786923059_R06C01","GSM1345594"
"7786923059_R06C02","GSM1345595"
"7786923064_R01C01","GSM1345596"
"7786923064_R01C02","GSM1345597"
"7786923064_R02C01","GSM1345598"
"7786923064_R02C02","GSM1345599"
"7786923064_R03C01","GSM1345600"
"7786923064_R03C02","GSM1345601"
"7786923064_R04C01","GSM1345602"
"7786923064_R04C02","GSM1345603"
"7786923064_R05C02","GSM1345604"
"7786923064_R06C01","GSM1345605"
"7786923064_R06C02","GSM1345606"
"7786923065_R01C01","GSM1345607"
"7786923065_R01C02","GSM1345608"
"7786923065_R02C01","GSM1345609"
"7786923065_R02C02","GSM1345610"
"7786923065_R03C01","GSM1345611"
"7786923065_R03C02","GSM1345612"
"7786923065_R04C01","GSM1345613"
"7786923065_R04C02","GSM1345614"
"7786923065_R05C01","GSM1345615"
"7786923065_R05C02","GSM1345616"
"7786923065_R06C01","GSM1345617"
"7786923065_R06C02","GSM1345618"
"7786923066_R01C02","GSM1345619"
"7786923066_R02C01","GSM1345620"
"7786923066_R02C02","GSM1345621"
"7786923066_R03C01","GSM1345622"
"7786923066_R03C02","GSM1345623"
"7786923066_R04C01","GSM1345624"
"7786923066_R04C02","GSM1345625"
"7786923066_R05C01","GSM1345626"
"7786923066_R05C02","GSM1345627"
"7786923066_R06C01","GSM1345628"
"7786923066_R06C02","GSM1345629"
"7786923067_R01C01","GSM1345630"
"7786923067_R01C02","GSM1345631"
"7786923067_R02C02","GSM1345632"
"7786923067_R03C01","GSM1345633"
"7786923067_R04C01","GSM1345634"
"7786923067_R04C02","GSM1345635"
"7786923067_R05C01","GSM1345636"
"7786923067_R05C02","GSM1345637"
"7786923067_R06C02","GSM1345638"
"7786923069_R01C02","GSM1345639"
"7786923069_R02C02","GSM1345640"
"7786923069_R03C01","GSM1345641"
"7786923069_R03C02","GSM1345642"
"7786923069_R04C01","GSM1345643"
"7786923069_R04C02","GSM1345644"
"7786923069_R05C01","GSM1345645"
"7786923069_R05C02","GSM1345646"
"7786923069_R06C01","GSM1345647"
"7786923069_R06C02","GSM1345648"
"7786923077_R01C01","GSM1345649"
"7786923077_R01C02","GSM1345650"
"7786923077_R02C01","GSM1345651"
"7786923077_R02C02","GSM1345652"
"7786923077_R03C01","GSM1345653"
"7786923077_R03C02","GSM1345654"
"7786923077_R04C02","GSM1345655"
"7786923077_R05C01","GSM1345656"
"7786923077_R05C02","GSM1345657"
"7786923077_R06C01","GSM1345658"
"7786923077_R06C02","GSM1345659"
"7786923085_R01C01","GSM1345660"
"7786923085_R01C02","GSM1345661"
"7786923085_R02C01","GSM1345662"
"7786923085_R02C02","GSM1345663"
"7786923085_R03C02","GSM1345664"
"7786923085_R04C01","GSM1345665"
"7786923085_R05C01","GSM1345666"
"7786923085_R05C02","GSM1345667"
"7786923085_R06C01","GSM1345668"
"7786923085_R06C02","GSM1345669"
"7796806129_R01C01","GSM1345670"
"7796806129_R01C02","GSM1345671"
"7796806129_R02C01","GSM1345672"
"7796806129_R02C02","GSM1345673"
"7796806129_R03C01","GSM1345674"
"7796806129_R03C02","GSM1345675"
"7796806129_R04C01","GSM1345676"
"7796806129_R04C02","GSM1345677"
"7796806129_R05C02","GSM1345678"
"7796806129_R06C01","GSM1345679"
"7796806129_R06C02","GSM1345680"
"7796806163_R01C01","GSM1345681"
"7796806163_R01C02","GSM1345682"
"7796806163_R02C01","GSM1345683"
"7796806163_R03C01","GSM1345684"
"7796806163_R03C02","GSM1345685"
"7796806163_R04C01","GSM1345686"
"7796806163_R04C02","GSM1345687"
"7796806163_R05C01","GSM1345688"
"7796806163_R05C02","GSM1345689"
"7796806163_R06C01","GSM1345690"
"7796806163_R06C02","GSM1345691"
"7796806165_R01C01","GSM1345692"
"7796806165_R01C02","GSM1345693"
"7796806165_R02C01","GSM1345694"
"7796806165_R02C02","GSM1345695"
"7796806165_R03C01","GSM1345696"
"7796806165_R03C02","GSM1345697"
"7796806165_R04C01","GSM1345698"
"7796806165_R04C02","GSM1345699"
"7796806165_R05C01","GSM1345700"
"7796806165_R05C02","GSM1345701"
"7796806165_R06C01","GSM1345702"
"7796806165_R06C02","GSM1345703"
"7796806168_R01C01","GSM1345704"
"7796806168_R01C02","GSM1345705"
"7796806168_R02C01","GSM1345706"
"7796806168_R02C02","GSM1345707"
"7796806168_R03C01","GSM1345708"
"7796806168_R03C02","GSM1345709"
"7796806168_R04C01","GSM1345710"
"7796806168_R04C02","GSM1345711"
"7796806168_R05C01","GSM1345712"
"7796806168_R05C02","GSM1345713"
"7796806168_R06C01","GSM1345714"
"7796806168_R06C02","GSM1345715"
"7796814001_R01C01","GSM1345716"
"7796814001_R01C02","GSM1345717"
"7796814001_R02C01","GSM1345718"
"7796814001_R02C02","GSM1345719"
"7796814001_R03C01","GSM1345720"
"7796814001_R03C02","GSM1345721"
"7796814001_R04C01","GSM1345722"
"7796814001_R04C02","GSM1345723"
"7796814001_R05C01","GSM1345724"
"7796814001_R05C02","GSM1345725"
"7796814001_R06C01","GSM1345726"
"7796814001_R06C02","GSM1345727"
"7796814014_R01C01","GSM1345728"
"7796814014_R01C02","GSM1345729"
"7796814014_R02C01","GSM1345730"
"7796814014_R02C02","GSM1345731"
"7796814014_R03C01","GSM1345732"
"7796814014_R03C02","GSM1345733"
"7796814014_R04C01","GSM1345734"
"7796814014_R04C02","GSM1345735"
"7796814014_R05C01","GSM1345736"
"7796814014_R05C02","GSM1345737"
"7796814014_R06C01","GSM1345738"
"7796814014_R06C02","GSM1345739"
"7796814020_R01C01","GSM1345740"
"7796814020_R01C02","GSM1345741"
"7796814020_R02C01","GSM1345742"
"7796814020_R02C02","GSM1345743"
"7796814020_R03C01","GSM1345744"
"7796814020_R03C02","GSM1345745"
"7796814020_R04C01","GSM1345746"
"7796814020_R05C02","GSM1345747"
"7796814020_R06C01","GSM1345748"
"7796814020_R06C02","GSM1345749"
"7796814021_R01C01","GSM1345750"
"7796814021_R01C02","GSM1345751"
"7796814021_R02C01","GSM1345752"
"7796814021_R03C01","GSM1345753"
"7796814021_R03C02","GSM1345754"
"7796814021_R04C01","GSM1345755"
"7796814021_R04C02","GSM1345756"
"7796814021_R05C01","GSM1345757"
"7796814021_R05C02","GSM1345758"
"7796814021_R06C01","GSM1345759"
"7796814021_R06C02","GSM1345760"
